ID;¿Cómo evaluaría las oportunidades que la universidad ofrece para tu desarrollo profesional?;Con respecto al apoyo que recibes de la universidad para mantenerte actualizado en tu campo de trabajo ¿cómo lo calificarías?;¿Cómo evaluaría el esfuerzo de la universidad por mejorar la gestión organizativa y el desarrollo de competencias del personal?;¿Cómo calificaría las iniciativas de la universidad para fortalecer y desarrollar tus habilidades profesionales?;¿Cómo calificarías los recursos y equipamiento que se te proporciona para tus tareas de investigación y académicas?;¿Cómo evaluarías el soporte tecnológico proporcionado por la universidad para realizar tu trabajo de investigación?;¿Cómo evaluarías que la universidad valora y respeta la diversidad?;¿Cómo calificarías las medidas implementadas por la institución para prevenir, atender y denunciar todo tipo de acoso y violencia?;¿Cómo evaluarías las iniciativas para fomentar una cultura de salud preventiva, autocuidado y preparación para emergencias?;¿Cómo evaluarías los esfuerzos de la universidad para mejorar continuamente en áreas como equidad, inclusión, sostenibilidad ambiental e interculturalidad?;¿Consideras que la infraestructura física y tecnológica de la universidad está lo suficientemente adaptada para promover la inclusión en sus vínculos con la comunidad?;¿Cómo evaluarías la calidad de las instalaciones de la universidad para realizar tu trabajo?;¿Cómo calificarías el apoyo administrativo que te proporciona la universidad para realizar tus funciones?;¿Cómo calificarías la comunicación entre los trabajadores y autoridades de la universidad?;¿Crees que la universidad promueve un equilibrio saludable entre el trabajo y la vida personal?;¿Sientes que tu trabajo es valorado y reconocido por las autoridades de la universidad?;¿Cómo calificarías el nivel de tu salario y beneficios en comparación con otras universidades similares?;¿Estas satisfecho con la carga de trabajo y las expectativas de rendimiento en tu puesto actual?;¿Crees que la universidad se preocupa por el bienestar de sus empleados?;¿Cómo valorarías tu experiencia laboral en la universidad?
1;2 = Poco satisfactorio;2 = Poco satisfactorio;2 = Poco satisfactorio;2 = Poco satisfactorio;3 = Neutral;3 = Neutral;3 = Neutral;3 = Neutral;3 = Neutral;3 = Neutral;3 = Neutral;2 = Poco satisfactorio;2 = Poco satisfactorio;3 = Neutral;2 = Poco satisfactorio;2 = Poco satisfactorio;3 = Neutral;3 = Neutral;3 = Neutral;3 = Neutral
2;3 = Neutral;4 = Muy Satisfactorio;4 = Muy Satisfactorio;5 = Totalmente satisfactorio;3 = Neutral;4 = Muy Satisfactorio;4 = Muy Satisfactorio;3 = Neutral;3 = Neutral;4 = Muy Satisfactorio;4 = Muy Satisfactorio;3 = Neutral;4 = Muy Satisfactorio;3 = Neutral;4 = Muy Satisfactorio;4 = Muy Satisfactorio;3 = Neutral;4 = Muy Satisfactorio;4 = Muy Satisfactorio;4 = Muy Satisfactorio
3;1 = Nada satisfactorio;1 = Nada satisfactorio;1 = Nada satisfactorio;1 = Nada satisfactorio;1 = Nada satisfactorio;3 = Neutral;3 = Neutral;3 = Neutral;3 = Neutral;3 = Neutral;3 = Neutral;2 = Poco satisfactorio;2 = Poco satisfactorio;4 = Muy Satisfactorio;3 = Neutral;1 = Nada satisfactorio;1 = Nada satisfactorio;1 = Nada satisfactorio;1 = Nada satisfactorio;2 = Poco satisfactorio
4;3 = Neutral;2 = Poco satisfactorio;3 = Neutral;3 = Neutral;3 = Neutral;3 = Neutral;3 = Neutral;3 = Neutral;3 = Neutral;3 = Neutral;3 = Neutral;3 = Neutral;3 = Neutral;3 = Neutral;3 = Neutral;3 = Neutral;1 = Nada satisfactorio;3 = Neutral;3 = Neutral;3 = Neutral
5;5 = Totalmente satisfactorio;5 = Totalmente satisfactorio;5 = Totalmente satisfactorio;5 = Totalmente satisfactorio;4 = Muy Satisfactorio;4 = Muy Satisfactorio;4 = Muy Satisfactorio;4 = Muy Satisfactorio;4 = Muy Satisfactorio;4 = Muy Satisfactorio;3 = Neutral;3 = Neutral;5 = Totalmente satisfactorio;5 = Totalmente satisfactorio;5 = Totalmente satisfactorio;5 = Totalmente satisfactorio;4 = Muy Satisfactorio;4 = Muy Satisfactorio;4 = Muy Satisfactorio;5 = Totalmente satisfactorio
6;3 = Neutral;3 = Neutral;3 = Neutral;3 = Neutral;3 = Neutral;3 = Neutral;3 = Neutral;3 = Neutral;3 = Neutral;3 = Neutral;3 = Neutral;3 = Neutral;3 = Neutral;3 = Neutral;3 = Neutral;3 = Neutral;3 = Neutral;3 = Neutral;3 = Neutral;3 = Neutral
7;4 = Muy Satisfactorio;3 = Neutral;4 = Muy Satisfactorio;4 = Muy Satisfactorio;3 = Neutral;4 = Muy Satisfactorio;3 = Neutral;4 = Muy Satisfactorio;3 = Neutral;2 = Poco satisfactorio;3 = Neutral;3 = Neutral;4 = Muy Satisfactorio;4 = Muy Satisfactorio;3 = Neutral;3 = Neutral;3 = Neutral;2 = Poco satisfactorio;3 = Neutral;4 = Muy Satisfactorio
8;3 = Neutral;3 = Neutral;3 = Neutral;3 = Neutral;3 = Neutral;3 = Neutral;3 = Neutral;3 = Neutral;3 = Neutral;3 = Neutral;3 = Neutral;3 = Neutral;3 = Neutral;3 = Neutral;3 = Neutral;3 = Neutral;3 = Neutral;3 = Neutral;3 = Neutral;3 = Neutral
9;2 = Poco satisfactorio;3 = Neutral;3 = Neutral;3 = Neutral;3 = Neutral;2 = Poco satisfactorio;3 = Neutral;3 = Neutral;3 = Neutral;3 = Neutral;3 = Neutral;2 = Poco satisfactorio;2 = Poco satisfactorio;4 = Muy Satisfactorio;2 = Poco satisfactorio;4 = Muy Satisfactorio;2 = Poco satisfactorio;2 = Poco satisfactorio;2 = Poco satisfactorio;4 = Muy Satisfactorio
10;5 = Totalmente satisfactorio;5 = Totalmente satisfactorio;5 = Totalmente satisfactorio;5 = Totalmente satisfactorio;5 = Totalmente satisfactorio;5 = Totalmente satisfactorio;5 = Totalmente satisfactorio;5 = Totalmente satisfactorio;5 = Totalmente satisfactorio;5 = Totalmente satisfactorio;5 = Totalmente satisfactorio;5 = Totalmente satisfactorio;5 = Totalmente satisfactorio;5 = Totalmente satisfactorio;5 = Totalmente satisfactorio;5 = Totalmente satisfactorio;5 = Totalmente satisfactorio;5 = Totalmente satisfactorio;5 = Totalmente satisfactorio;5 = Totalmente satisfactorio
11;3 = Neutral;3 = Neutral;3 = Neutral;3 = Neutral;3 = Neutral;3 = Neutral;3 = Neutral;3 = Neutral;3 = Neutral;3 = Neutral;3 = Neutral;3 = Neutral;3 = Neutral;3 = Neutral;3 = Neutral;3 = Neutral;3 = Neutral;3 = Neutral;3 = Neutral;3 = Neutral
12;5 = Totalmente satisfactorio;5 = Totalmente satisfactorio;5 = Totalmente satisfactorio;5 = Totalmente satisfactorio;5 = Totalmente satisfactorio;4 = Muy Satisfactorio;5 = Totalmente satisfactorio;5 = Totalmente satisfactorio;5 = Totalmente satisfactorio;5 = Totalmente satisfactorio;5 = Totalmente satisfactorio;5 = Totalmente satisfactorio;5 = Totalmente satisfactorio;5 = Totalmente satisfactorio;5 = Totalmente satisfactorio;5 = Totalmente satisfactorio;5 = Totalmente satisfactorio;4 = Muy Satisfactorio;4 = Muy Satisfactorio;4 = Muy Satisfactorio
13;3 = Neutral;3 = Neutral;3 = Neutral;3 = Neutral;3 = Neutral;3 = Neutral;3 = Neutral;3 = Neutral;3 = Neutral;3 = Neutral;5 = Totalmente satisfactorio;2 = Poco satisfactorio;2 = Poco satisfactorio;3 = Neutral;1 = Nada satisfactorio;3 = Neutral;3 = Neutral;2 = Poco satisfactorio;3 = Neutral;3 = Neutral
14;5 = Totalmente satisfactorio;5 = Totalmente satisfactorio;5 = Totalmente satisfactorio;5 = Totalmente satisfactorio;5 = Totalmente satisfactorio;4 = Muy Satisfactorio;5 = Totalmente satisfactorio;5 = Totalmente satisfactorio;5 = Totalmente satisfactorio;5 = Totalmente satisfactorio;4 = Muy Satisfactorio;5 = Totalmente satisfactorio;5 = Totalmente satisfactorio;5 = Totalmente satisfactorio;5 = Totalmente satisfactorio;4 = Muy Satisfactorio;4 = Muy Satisfactorio;5 = Totalmente satisfactorio;5 = Totalmente satisfactorio;5 = Totalmente satisfactorio
15;4 = Muy Satisfactorio;4 = Muy Satisfactorio;4 = Muy Satisfactorio;4 = Muy Satisfactorio;4 = Muy Satisfactorio;1 = Nada satisfactorio;4 = Muy Satisfactorio;2 = Poco satisfactorio;3 = Neutral;4 = Muy Satisfactorio;1 = Nada satisfactorio;2 = Poco satisfactorio;4 = Muy Satisfactorio;5 = Totalmente satisfactorio;2 = Poco satisfactorio;5 = Totalmente satisfactorio;4 = Muy Satisfactorio;4 = Muy Satisfactorio;4 = Muy Satisfactorio;5 = Totalmente satisfactorio
16;4 = Muy Satisfactorio;4 = Muy Satisfactorio;4 = Muy Satisfactorio;4 = Muy Satisfactorio;4 = Muy Satisfactorio;4 = Muy Satisfactorio;4 = Muy Satisfactorio;4 = Muy Satisfactorio;4 = Muy Satisfactorio;4 = Muy Satisfactorio;4 = Muy Satisfactorio;4 = Muy Satisfactorio;4 = Muy Satisfactorio;4 = Muy Satisfactorio;4 = Muy Satisfactorio;4 = Muy Satisfactorio;4 = Muy Satisfactorio;4 = Muy Satisfactorio;4 = Muy Satisfactorio;4 = Muy Satisfactorio
17;5 = Totalmente satisfactorio;5 = Totalmente satisfactorio;5 = Totalmente satisfactorio;5 = Totalmente satisfactorio;5 = Totalmente satisfactorio;4 = Muy Satisfactorio;4 = Muy Satisfactorio;4 = Muy Satisfactorio;4 = Muy Satisfactorio;4 = Muy Satisfactorio;4 = Muy Satisfactorio;4 = Muy Satisfactorio;4 = Muy Satisfactorio;4 = Muy Satisfactorio;4 = Muy Satisfactorio;3 = Neutral;4 = Muy Satisfactorio;4 = Muy Satisfactorio;3 = Neutral;4 = Muy Satisfactorio
18;5 = Totalmente satisfactorio;5 = Totalmente satisfactorio;4 = Muy Satisfactorio;5 = Totalmente satisfactorio;5 = Totalmente satisfactorio;5 = Totalmente satisfactorio;5 = Totalmente satisfactorio;5 = Totalmente satisfactorio;5 = Totalmente satisfactorio;4 = Muy Satisfactorio;4 = Muy Satisfactorio;5 = Totalmente satisfactorio;4 = Muy Satisfactorio;4 = Muy Satisfactorio;4 = Muy Satisfactorio;5 = Totalmente satisfactorio;4 = Muy Satisfactorio;5 = Totalmente satisfactorio;4 = Muy Satisfactorio;5 = Totalmente satisfactorio
19;5 = Totalmente satisfactorio;5 = Totalmente satisfactorio;5 = Totalmente satisfactorio;5 = Totalmente satisfactorio;5 = Totalmente satisfactorio;5 = Totalmente satisfactorio;5 = Totalmente satisfactorio;5 = Totalmente satisfactorio;5 = Totalmente satisfactorio;5 = Totalmente satisfactorio;4 = Muy Satisfactorio;5 = Totalmente satisfactorio;5 = Totalmente satisfactorio;5 = Totalmente satisfactorio;5 = Totalmente satisfactorio;5 = Totalmente satisfactorio;4 = Muy Satisfactorio;5 = Totalmente satisfactorio;4 = Muy Satisfactorio;5 = Totalmente satisfactorio
20;4 = Muy Satisfactorio;4 = Muy Satisfactorio;4 = Muy Satisfactorio;4 = Muy Satisfactorio;4 = Muy Satisfactorio;4 = Muy Satisfactorio;4 = Muy Satisfactorio;4 = Muy Satisfactorio;4 = Muy Satisfactorio;4 = Muy Satisfactorio;4 = Muy Satisfactorio;4 = Muy Satisfactorio;4 = Muy Satisfactorio;4 = Muy Satisfactorio;4 = Muy Satisfactorio;4 = Muy Satisfactorio;4 = Muy Satisfactorio;4 = Muy Satisfactorio;4 = Muy Satisfactorio;4 = Muy Satisfactorio
21;3 = Neutral;1 = Nada satisfactorio;3 = Neutral;1 = Nada satisfactorio;2 = Poco satisfactorio;3 = Neutral;3 = Neutral;3 = Neutral;3 = Neutral;3 = Neutral;2 = Poco satisfactorio;1 = Nada satisfactorio;2 = Poco satisfactorio;3 = Neutral;2 = Poco satisfactorio;2 = Poco satisfactorio;2 = Poco satisfactorio;3 = Neutral;2 = Poco satisfactorio;3 = Neutral
22;2 = Poco satisfactorio;2 = Poco satisfactorio;3 = Neutral;2 = Poco satisfactorio;2 = Poco satisfactorio;2 = Poco satisfactorio;3 = Neutral;3 = Neutral;3 = Neutral;3 = Neutral;3 = Neutral;1 = Nada satisfactorio;2 = Poco satisfactorio;3 = Neutral;1 = Nada satisfactorio;2 = Poco satisfactorio;2 = Poco satisfactorio;3 = Neutral;3 = Neutral;3 = Neutral
23;2 = Poco satisfactorio;3 = Neutral;3 = Neutral;3 = Neutral;2 = Poco satisfactorio;4 = Muy Satisfactorio;5 = Totalmente satisfactorio;4 = Muy Satisfactorio;4 = Muy Satisfactorio;4 = Muy Satisfactorio;3 = Neutral;3 = Neutral;3 = Neutral;3 = Neutral;3 = Neutral;3 = Neutral;2 = Poco satisfactorio;4 = Muy Satisfactorio;2 = Poco satisfactorio;3 = Neutral
24;2 = Poco satisfactorio;2 = Poco satisfactorio;2 = Poco satisfactorio;3 = Neutral;2 = Poco satisfactorio;2 = Poco satisfactorio;2 = Poco satisfactorio;2 = Poco satisfactorio;2 = Poco satisfactorio;2 = Poco satisfactorio;3 = Neutral;2 = Poco satisfactorio;2 = Poco satisfactorio;2 = Poco satisfactorio;2 = Poco satisfactorio;1 = Nada satisfactorio;4 = Muy Satisfactorio;1 = Nada satisfactorio;1 = Nada satisfactorio;2 = Poco satisfactorio
25;2 = Poco satisfactorio;2 = Poco satisfactorio;2 = Poco satisfactorio;2 = Poco satisfactorio;2 = Poco satisfactorio;1 = Nada satisfactorio;3 = Neutral;2 = Poco satisfactorio;2 = Poco satisfactorio;2 = Poco satisfactorio;2 = Poco satisfactorio;2 = Poco satisfactorio;4 = Muy Satisfactorio;2 = Poco satisfactorio;2 = Poco satisfactorio;2 = Poco satisfactorio;2 = Poco satisfactorio;4 = Muy Satisfactorio;2 = Poco satisfactorio;2 = Poco satisfactorio
26;3 = Neutral;3 = Neutral;2 = Poco satisfactorio;1 = Nada satisfactorio;3 = Neutral;3 = Neutral;5 = Totalmente satisfactorio;1 = Nada satisfactorio;2 = Poco satisfactorio;4 = Muy Satisfactorio;2 = Poco satisfactorio;3 = Neutral;4 = Muy Satisfactorio;2 = Poco satisfactorio;1 = Nada satisfactorio;1 = Nada satisfactorio;2 = Poco satisfactorio;2 = Poco satisfactorio;3 = Neutral;5 = Totalmente satisfactorio
27;4 = Muy Satisfactorio;4 = Muy Satisfactorio;4 = Muy Satisfactorio;4 = Muy Satisfactorio;4 = Muy Satisfactorio;5 = Totalmente satisfactorio;5 = Totalmente satisfactorio;5 = Totalmente satisfactorio;3 = Neutral;5 = Totalmente satisfactorio;3 = Neutral;4 = Muy Satisfactorio;4 = Muy Satisfactorio;5 = Totalmente satisfactorio;4 = Muy Satisfactorio;5 = Totalmente satisfactorio;4 = Muy Satisfactorio;4 = Muy Satisfactorio;4 = Muy Satisfactorio;5 = Totalmente satisfactorio
28;5 = Totalmente satisfactorio;4 = Muy Satisfactorio;5 = Totalmente satisfactorio;4 = Muy Satisfactorio;2 = Poco satisfactorio;3 = Neutral;5 = Totalmente satisfactorio;5 = Totalmente satisfactorio;2 = Poco satisfactorio;3 = Neutral;1 = Nada satisfactorio;4 = Muy Satisfactorio;1 = Nada satisfactorio;2 = Poco satisfactorio;1 = Nada satisfactorio;4 = Muy Satisfactorio;3 = Neutral;2 = Poco satisfactorio;3 = Neutral;4 = Muy Satisfactorio
29;4 = Muy Satisfactorio;4 = Muy Satisfactorio;4 = Muy Satisfactorio;4 = Muy Satisfactorio;4 = Muy Satisfactorio;4 = Muy Satisfactorio;4 = Muy Satisfactorio;4 = Muy Satisfactorio;4 = Muy Satisfactorio;4 = Muy Satisfactorio;4 = Muy Satisfactorio;4 = Muy Satisfactorio;4 = Muy Satisfactorio;5 = Totalmente satisfactorio;5 = Totalmente satisfactorio;4 = Muy Satisfactorio;4 = Muy Satisfactorio;4 = Muy Satisfactorio;4 = Muy Satisfactorio;4 = Muy Satisfactorio
30;3 = Neutral;3 = Neutral;2 = Poco satisfactorio;3 = Neutral;3 = Neutral;3 = Neutral;3 = Neutral;3 = Neutral;3 = Neutral;3 = Neutral;3 = Neutral;3 = Neutral;3 = Neutral;3 = Neutral;3 = Neutral;3 = Neutral;3 = Neutral;3 = Neutral;3 = Neutral;3 = Neutral
31;3 = Neutral;3 = Neutral;3 = Neutral;3 = Neutral;3 = Neutral;3 = Neutral;3 = Neutral;4 = Muy Satisfactorio;3 = Neutral;4 = Muy Satisfactorio;4 = Muy Satisfactorio;4 = Muy Satisfactorio;3 = Neutral;2 = Poco satisfactorio;2 = Poco satisfactorio;4 = Muy Satisfactorio;3 = Neutral;2 = Poco satisfactorio;3 = Neutral;4 = Muy Satisfactorio
32;3 = Neutral;2 = Poco satisfactorio;3 = Neutral;3 = Neutral;3 = Neutral;3 = Neutral;3 = Neutral;3 = Neutral;3 = Neutral;3 = Neutral;3 = Neutral;3 = Neutral;3 = Neutral;3 = Neutral;3 = Neutral;5 = Totalmente satisfactorio;3 = Neutral;3 = Neutral;3 = Neutral;3 = Neutral
33;5 = Totalmente satisfactorio;5 = Totalmente satisfactorio;4 = Muy Satisfactorio;4 = Muy Satisfactorio;4 = Muy Satisfactorio;4 = Muy Satisfactorio;4 = Muy Satisfactorio;4 = Muy Satisfactorio;4 = Muy Satisfactorio;4 = Muy Satisfactorio;4 = Muy Satisfactorio;4 = Muy Satisfactorio;4 = Muy Satisfactorio;4 = Muy Satisfactorio;4 = Muy Satisfactorio;4 = Muy Satisfactorio;4 = Muy Satisfactorio;4 = Muy Satisfactorio;1 = Nada satisfactorio;4 = Muy Satisfactorio
34;3 = Neutral;4 = Muy Satisfactorio;2 = Poco satisfactorio;2 = Poco satisfactorio;2 = Poco satisfactorio;3 = Neutral;2 = Poco satisfactorio;2 = Poco satisfactorio;2 = Poco satisfactorio;3 = Neutral;3 = Neutral;2 = Poco satisfactorio;2 = Poco satisfactorio;2 = Poco satisfactorio;2 = Poco satisfactorio;3 = Neutral;2 = Poco satisfactorio;3 = Neutral;2 = Poco satisfactorio;3 = Neutral
35;2 = Poco satisfactorio;2 = Poco satisfactorio;3 = Neutral;2 = Poco satisfactorio;4 = Muy Satisfactorio;3 = Neutral;4 = Muy Satisfactorio;3 = Neutral;4 = Muy Satisfactorio;3 = Neutral;4 = Muy Satisfactorio;4 = Muy Satisfactorio;3 = Neutral;3 = Neutral;3 = Neutral;2 = Poco satisfactorio;2 = Poco satisfactorio;5 = Totalmente satisfactorio;3 = Neutral;4 = Muy Satisfactorio
36;3 = Neutral;3 = Neutral;4 = Muy Satisfactorio;3 = Neutral;4 = Muy Satisfactorio;3 = Neutral;4 = Muy Satisfactorio;3 = Neutral;3 = Neutral;3 = Neutral;3 = Neutral;4 = Muy Satisfactorio;4 = Muy Satisfactorio;4 = Muy Satisfactorio;4 = Muy Satisfactorio;4 = Muy Satisfactorio;3 = Neutral;3 = Neutral;3 = Neutral;4 = Muy Satisfactorio
37;5 = Totalmente satisfactorio;4 = Muy Satisfactorio;4 = Muy Satisfactorio;3 = Neutral;3 = Neutral;3 = Neutral;4 = Muy Satisfactorio;3 = Neutral;3 = Neutral;4 = Muy Satisfactorio;3 = Neutral;3 = Neutral;4 = Muy Satisfactorio;4 = Muy Satisfactorio;3 = Neutral;3 = Neutral;2 = Poco satisfactorio;4 = Muy Satisfactorio;3 = Neutral;4 = Muy Satisfactorio
38;4 = Muy Satisfactorio;4 = Muy Satisfactorio;4 = Muy Satisfactorio;4 = Muy Satisfactorio;4 = Muy Satisfactorio;2 = Poco satisfactorio;4 = Muy Satisfactorio;4 = Muy Satisfactorio;4 = Muy Satisfactorio;4 = Muy Satisfactorio;3 = Neutral;4 = Muy Satisfactorio;4 = Muy Satisfactorio;4 = Muy Satisfactorio;4 = Muy Satisfactorio;5 = Totalmente satisfactorio;2 = Poco satisfactorio;2 = Poco satisfactorio;5 = Totalmente satisfactorio;5 = Totalmente satisfactorio
39;5 = Totalmente satisfactorio;5 = Totalmente satisfactorio;5 = Totalmente satisfactorio;5 = Totalmente satisfactorio;4 = Muy Satisfactorio;5 = Totalmente satisfactorio;5 = Totalmente satisfactorio;4 = Muy Satisfactorio;5 = Totalmente satisfactorio;4 = Muy Satisfactorio;4 = Muy Satisfactorio;5 = Totalmente satisfactorio;5 = Totalmente satisfactorio;5 = Totalmente satisfactorio;5 = Totalmente satisfactorio;4 = Muy Satisfactorio;4 = Muy Satisfactorio;4 = Muy Satisfactorio;5 = Totalmente satisfactorio;5 = Totalmente satisfactorio
40;3 = Neutral;3 = Neutral;3 = Neutral;3 = Neutral;3 = Neutral;3 = Neutral;3 = Neutral;3 = Neutral;3 = Neutral;1 = Nada satisfactorio;1 = Nada satisfactorio;2 = Poco satisfactorio;2 = Poco satisfactorio;3 = Neutral;3 = Neutral;3 = Neutral;3 = Neutral;3 = Neutral;3 = Neutral;3 = Neutral
41;3 = Neutral;4 = Muy Satisfactorio;3 = Neutral;3 = Neutral;3 = Neutral;3 = Neutral;3 = Neutral;3 = Neutral;3 = Neutral;3 = Neutral;3 = Neutral;4 = Muy Satisfactorio;4 = Muy Satisfactorio;4 = Muy Satisfactorio;3 = Neutral;3 = Neutral;3 = Neutral;2 = Poco satisfactorio;2 = Poco satisfactorio;3 = Neutral
42;4 = Muy Satisfactorio;3 = Neutral;3 = Neutral;3 = Neutral;3 = Neutral;5 = Totalmente satisfactorio;4 = Muy Satisfactorio;3 = Neutral;3 = Neutral;4 = Muy Satisfactorio;4 = Muy Satisfactorio;4 = Muy Satisfactorio;4 = Muy Satisfactorio;3 = Neutral;3 = Neutral;3 = Neutral;3 = Neutral;3 = Neutral;3 = Neutral;3 = Neutral
43;4 = Muy Satisfactorio;4 = Muy Satisfactorio;5 = Totalmente satisfactorio;5 = Totalmente satisfactorio;4 = Muy Satisfactorio;4 = Muy Satisfactorio;5 = Totalmente satisfactorio;5 = Totalmente satisfactorio;5 = Totalmente satisfactorio;5 = Totalmente satisfactorio;4 = Muy Satisfactorio;4 = Muy Satisfactorio;4 = Muy Satisfactorio;4 = Muy Satisfactorio;4 = Muy Satisfactorio;4 = Muy Satisfactorio;2 = Poco satisfactorio;4 = Muy Satisfactorio;4 = Muy Satisfactorio;5 = Totalmente satisfactorio
44;5 = Totalmente satisfactorio;5 = Totalmente satisfactorio;5 = Totalmente satisfactorio;5 = Totalmente satisfactorio;5 = Totalmente satisfactorio;5 = Totalmente satisfactorio;5 = Totalmente satisfactorio;5 = Totalmente satisfactorio;5 = Totalmente satisfactorio;5 = Totalmente satisfactorio;5 = Totalmente satisfactorio;5 = Totalmente satisfactorio;5 = Totalmente satisfactorio;5 = Totalmente satisfactorio;5 = Totalmente satisfactorio;5 = Totalmente satisfactorio;5 = Totalmente satisfactorio;5 = Totalmente satisfactorio;5 = Totalmente satisfactorio;5 = Totalmente satisfactorio
45;1 = Nada satisfactorio;1 = Nada satisfactorio;3 = Neutral;1 = Nada satisfactorio;3 = Neutral;3 = Neutral;3 = Neutral;3 = Neutral;1 = Nada satisfactorio;3 = Neutral;3 = Neutral;5 = Totalmente satisfactorio;3 = Neutral;3 = Neutral;3 = Neutral;1 = Nada satisfactorio;5 = Totalmente satisfactorio;3 = Neutral;3 = Neutral;5 = Totalmente satisfactorio
46;4 = Muy Satisfactorio;4 = Muy Satisfactorio;4 = Muy Satisfactorio;4 = Muy Satisfactorio;3 = Neutral;3 = Neutral;4 = Muy Satisfactorio;4 = Muy Satisfactorio;3 = Neutral;4 = Muy Satisfactorio;3 = Neutral;2 = Poco satisfactorio;4 = Muy Satisfactorio;3 = Neutral;4 = Muy Satisfactorio;3 = Neutral;2 = Poco satisfactorio;2 = Poco satisfactorio;3 = Neutral;4 = Muy Satisfactorio
47;4 = Muy Satisfactorio;4 = Muy Satisfactorio;4 = Muy Satisfactorio;4 = Muy Satisfactorio;3 = Neutral;3 = Neutral;4 = Muy Satisfactorio;3 = Neutral;3 = Neutral;4 = Muy Satisfactorio;5 = Totalmente satisfactorio;4 = Muy Satisfactorio;4 = Muy Satisfactorio;4 = Muy Satisfactorio;3 = Neutral;5 = Totalmente satisfactorio;3 = Neutral;4 = Muy Satisfactorio;5 = Totalmente satisfactorio;4 = Muy Satisfactorio
48;2 = Poco satisfactorio;2 = Poco satisfactorio;2 = Poco satisfactorio;2 = Poco satisfactorio;3 = Neutral;3 = Neutral;4 = Muy Satisfactorio;3 = Neutral;3 = Neutral;3 = Neutral;4 = Muy Satisfactorio;4 = Muy Satisfactorio;4 = Muy Satisfactorio;3 = Neutral;3 = Neutral;2 = Poco satisfactorio;2 = Poco satisfactorio;4 = Muy Satisfactorio;3 = Neutral;4 = Muy Satisfactorio
49;3 = Neutral;3 = Neutral;3 = Neutral;3 = Neutral;3 = Neutral;3 = Neutral;3 = Neutral;3 = Neutral;3 = Neutral;3 = Neutral;3 = Neutral;3 = Neutral;3 = Neutral;3 = Neutral;3 = Neutral;3 = Neutral;3 = Neutral;3 = Neutral;3 = Neutral;3 = Neutral
50;2 = Poco satisfactorio;2 = Poco satisfactorio;2 = Poco satisfactorio;2 = Poco satisfactorio;2 = Poco satisfactorio;3 = Neutral;5 = Totalmente satisfactorio;3 = Neutral;3 = Neutral;4 = Muy Satisfactorio;4 = Muy Satisfactorio;3 = Neutral;3 = Neutral;4 = Muy Satisfactorio;4 = Muy Satisfactorio;2 = Poco satisfactorio;2 = Poco satisfactorio;3 = Neutral;4 = Muy Satisfactorio;4 = Muy Satisfactorio
51;4 = Muy Satisfactorio;3 = Neutral;2 = Poco satisfactorio;2 = Poco satisfactorio;4 = Muy Satisfactorio;3 = Neutral;2 = Poco satisfactorio;3 = Neutral;2 = Poco satisfactorio;2 = Poco satisfactorio;1 = Nada satisfactorio;2 = Poco satisfactorio;2 = Poco satisfactorio;2 = Poco satisfactorio;2 = Poco satisfactorio;1 = Nada satisfactorio;2 = Poco satisfactorio;2 = Poco satisfactorio;1 = Nada satisfactorio;5 = Totalmente satisfactorio
52;4 = Muy Satisfactorio;3 = Neutral;3 = Neutral;3 = Neutral;2 = Poco satisfactorio;2 = Poco satisfactorio;4 = Muy Satisfactorio;2 = Poco satisfactorio;2 = Poco satisfactorio;3 = Neutral;3 = Neutral;3 = Neutral;4 = Muy Satisfactorio;3 = Neutral;2 = Poco satisfactorio;3 = Neutral;1 = Nada satisfactorio;4 = Muy Satisfactorio;3 = Neutral;2 = Poco satisfactorio
53;1 = Nada satisfactorio;2 = Poco satisfactorio;3 = Neutral;3 = Neutral;2 = Poco satisfactorio;2 = Poco satisfactorio;2 = Poco satisfactorio;3 = Neutral;2 = Poco satisfactorio;3 = Neutral;2 = Poco satisfactorio;2 = Poco satisfactorio;2 = Poco satisfactorio;2 = Poco satisfactorio;2 = Poco satisfactorio;2 = Poco satisfactorio;3 = Neutral;3 = Neutral;3 = Neutral;2 = Poco satisfactorio
54;4 = Muy Satisfactorio;4 = Muy Satisfactorio;4 = Muy Satisfactorio;4 = Muy Satisfactorio;4 = Muy Satisfactorio;4 = Muy Satisfactorio;4 = Muy Satisfactorio;3 = Neutral;3 = Neutral;4 = Muy Satisfactorio;4 = Muy Satisfactorio;4 = Muy Satisfactorio;4 = Muy Satisfactorio;4 = Muy Satisfactorio;4 = Muy Satisfactorio;3 = Neutral;2 = Poco satisfactorio;4 = Muy Satisfactorio;3 = Neutral;4 = Muy Satisfactorio
55;1 = Nada satisfactorio;1 = Nada satisfactorio;1 = Nada satisfactorio;1 = Nada satisfactorio;1 = Nada satisfactorio;1 = Nada satisfactorio;3 = Neutral;1 = Nada satisfactorio;3 = Neutral;3 = Neutral;3 = Neutral;3 = Neutral;1 = Nada satisfactorio;1 = Nada satisfactorio;3 = Neutral;1 = Nada satisfactorio;1 = Nada satisfactorio;1 = Nada satisfactorio;1 = Nada satisfactorio;3 = Neutral
56;5 = Totalmente satisfactorio;5 = Totalmente satisfactorio;5 = Totalmente satisfactorio;5 = Totalmente satisfactorio;5 = Totalmente satisfactorio;4 = Muy Satisfactorio;5 = Totalmente satisfactorio;5 = Totalmente satisfactorio;5 = Totalmente satisfactorio;5 = Totalmente satisfactorio;3 = Neutral;5 = Totalmente satisfactorio;5 = Totalmente satisfactorio;5 = Totalmente satisfactorio;4 = Muy Satisfactorio;5 = Totalmente satisfactorio;4 = Muy Satisfactorio;5 = Totalmente satisfactorio;4 = Muy Satisfactorio;4 = Muy Satisfactorio
57;3 = Neutral;3 = Neutral;3 = Neutral;3 = Neutral;3 = Neutral;1 = Nada satisfactorio;4 = Muy Satisfactorio;3 = Neutral;3 = Neutral;3 = Neutral;3 = Neutral;4 = Muy Satisfactorio;4 = Muy Satisfactorio;4 = Muy Satisfactorio;5 = Totalmente satisfactorio;5 = Totalmente satisfactorio;2 = Poco satisfactorio;5 = Totalmente satisfactorio;3 = Neutral;5 = Totalmente satisfactorio
58;5 = Totalmente satisfactorio;5 = Totalmente satisfactorio;5 = Totalmente satisfactorio;4 = Muy Satisfactorio;5 = Totalmente satisfactorio;4 = Muy Satisfactorio;5 = Totalmente satisfactorio;3 = Neutral;5 = Totalmente satisfactorio;5 = Totalmente satisfactorio;4 = Muy Satisfactorio;4 = Muy Satisfactorio;5 = Totalmente satisfactorio;5 = Totalmente satisfactorio;4 = Muy Satisfactorio;4 = Muy Satisfactorio;3 = Neutral;5 = Totalmente satisfactorio;4 = Muy Satisfactorio;5 = Totalmente satisfactorio
59;5 = Totalmente satisfactorio;5 = Totalmente satisfactorio;4 = Muy Satisfactorio;5 = Totalmente satisfactorio;5 = Totalmente satisfactorio;3 = Neutral;5 = Totalmente satisfactorio;5 = Totalmente satisfactorio;5 = Totalmente satisfactorio;5 = Totalmente satisfactorio;5 = Totalmente satisfactorio;5 = Totalmente satisfactorio;5 = Totalmente satisfactorio;5 = Totalmente satisfactorio;5 = Totalmente satisfactorio;5 = Totalmente satisfactorio;5 = Totalmente satisfactorio;5 = Totalmente satisfactorio;5 = Totalmente satisfactorio;5 = Totalmente satisfactorio
60;4 = Muy Satisfactorio;4 = Muy Satisfactorio;3 = Neutral;3 = Neutral;3 = Neutral;3 = Neutral;4 = Muy Satisfactorio;5 = Totalmente satisfactorio;3 = Neutral;3 = Neutral;4 = Muy Satisfactorio;2 = Poco satisfactorio;4 = Muy Satisfactorio;2 = Poco satisfactorio;4 = Muy Satisfactorio;3 = Neutral;4 = Muy Satisfactorio;3 = Neutral;3 = Neutral;4 = Muy Satisfactorio
61;3 = Neutral;2 = Poco satisfactorio;2 = Poco satisfactorio;3 = Neutral;2 = Poco satisfactorio;2 = Poco satisfactorio;3 = Neutral;2 = Poco satisfactorio;2 = Poco satisfactorio;2 = Poco satisfactorio;3 = Neutral;2 = Poco satisfactorio;2 = Poco satisfactorio;3 = Neutral;2 = Poco satisfactorio;2 = Poco satisfactorio;2 = Poco satisfactorio;3 = Neutral;2 = Poco satisfactorio;3 = Neutral
62;4 = Muy Satisfactorio;4 = Muy Satisfactorio;4 = Muy Satisfactorio;4 = Muy Satisfactorio;4 = Muy Satisfactorio;1 = Nada satisfactorio;4 = Muy Satisfactorio;1 = Nada satisfactorio;1 = Nada satisfactorio;4 = Muy Satisfactorio;1 = Nada satisfactorio;1 = Nada satisfactorio;5 = Totalmente satisfactorio;5 = Totalmente satisfactorio;2 = Poco satisfactorio;4 = Muy Satisfactorio;2 = Poco satisfactorio;4 = Muy Satisfactorio;4 = Muy Satisfactorio;4 = Muy Satisfactorio
63;4 = Muy Satisfactorio;4 = Muy Satisfactorio;5 = Totalmente satisfactorio;4 = Muy Satisfactorio;4 = Muy Satisfactorio;3 = Neutral;3 = Neutral;5 = Totalmente satisfactorio;5 = Totalmente satisfactorio;4 = Muy Satisfactorio;5 = Totalmente satisfactorio;5 = Totalmente satisfactorio;5 = Totalmente satisfactorio;4 = Muy Satisfactorio;4 = Muy Satisfactorio;5 = Totalmente satisfactorio;5 = Totalmente satisfactorio;5 = Totalmente satisfactorio;5 = Totalmente satisfactorio;5 = Totalmente satisfactorio
64;3 = Neutral;3 = Neutral;3 = Neutral;3 = Neutral;3 = Neutral;3 = Neutral;4 = Muy Satisfactorio;4 = Muy Satisfactorio;3 = Neutral;4 = Muy Satisfactorio;3 = Neutral;3 = Neutral;3 = Neutral;3 = Neutral;3 = Neutral;3 = Neutral;3 = Neutral;3 = Neutral;3 = Neutral;3 = Neutral
65;4 = Muy Satisfactorio;5 = Totalmente satisfactorio;4 = Muy Satisfactorio;4 = Muy Satisfactorio;4 = Muy Satisfactorio;4 = Muy Satisfactorio;4 = Muy Satisfactorio;4 = Muy Satisfactorio;4 = Muy Satisfactorio;4 = Muy Satisfactorio;4 = Muy Satisfactorio;4 = Muy Satisfactorio;4 = Muy Satisfactorio;4 = Muy Satisfactorio;4 = Muy Satisfactorio;4 = Muy Satisfactorio;4 = Muy Satisfactorio;4 = Muy Satisfactorio;4 = Muy Satisfactorio;4 = Muy Satisfactorio
66;3 = Neutral;2 = Poco satisfactorio;2 = Poco satisfactorio;2 = Poco satisfactorio;3 = Neutral;3 = Neutral;4 = Muy Satisfactorio;2 = Poco satisfactorio;2 = Poco satisfactorio;2 = Poco satisfactorio;2 = Poco satisfactorio;4 = Muy Satisfactorio;3 = Neutral;2 = Poco satisfactorio;2 = Poco satisfactorio;2 = Poco satisfactorio;2 = Poco satisfactorio;4 = Muy Satisfactorio;2 = Poco satisfactorio;4 = Muy Satisfactorio
67;5 = Totalmente satisfactorio;3 = Neutral;5 = Totalmente satisfactorio;5 = Totalmente satisfactorio;5 = Totalmente satisfactorio;5 = Totalmente satisfactorio;5 = Totalmente satisfactorio;5 = Totalmente satisfactorio;5 = Totalmente satisfactorio;5 = Totalmente satisfactorio;3 = Neutral;4 = Muy Satisfactorio;5 = Totalmente satisfactorio;4 = Muy Satisfactorio;5 = Totalmente satisfactorio;5 = Totalmente satisfactorio;4 = Muy Satisfactorio;5 = Totalmente satisfactorio;5 = Totalmente satisfactorio;5 = Totalmente satisfactorio
68;1 = Nada satisfactorio;1 = Nada satisfactorio;3 = Neutral;1 = Nada satisfactorio;4 = Muy Satisfactorio;4 = Muy Satisfactorio;5 = Totalmente satisfactorio;4 = Muy Satisfactorio;4 = Muy Satisfactorio;4 = Muy Satisfactorio;4 = Muy Satisfactorio;5 = Totalmente satisfactorio;4 = Muy Satisfactorio;4 = Muy Satisfactorio;4 = Muy Satisfactorio;4 = Muy Satisfactorio;4 = Muy Satisfactorio;5 = Totalmente satisfactorio;4 = Muy Satisfactorio;5 = Totalmente satisfactorio
69;2 = Poco satisfactorio;2 = Poco satisfactorio;2 = Poco satisfactorio;2 = Poco satisfactorio;3 = Neutral;4 = Muy Satisfactorio;3 = Neutral;3 = Neutral;3 = Neutral;3 = Neutral;4 = Muy Satisfactorio;4 = Muy Satisfactorio;4 = Muy Satisfactorio;3 = Neutral;3 = Neutral;3 = Neutral;2 = Poco satisfactorio;4 = Muy Satisfactorio;3 = Neutral;4 = Muy Satisfactorio
70;3 = Neutral;3 = Neutral;3 = Neutral;3 = Neutral;3 = Neutral;3 = Neutral;3 = Neutral;3 = Neutral;3 = Neutral;3 = Neutral;3 = Neutral;4 = Muy Satisfactorio;4 = Muy Satisfactorio;4 = Muy Satisfactorio;4 = Muy Satisfactorio;3 = Neutral;3 = Neutral;4 = Muy Satisfactorio;4 = Muy Satisfactorio;4 = Muy Satisfactorio
71;3 = Neutral;3 = Neutral;3 = Neutral;3 = Neutral;3 = Neutral;3 = Neutral;3 = Neutral;3 = Neutral;3 = Neutral;3 = Neutral;3 = Neutral;3 = Neutral;3 = Neutral;3 = Neutral;3 = Neutral;3 = Neutral;3 = Neutral;3 = Neutral;3 = Neutral;3 = Neutral
72;5 = Totalmente satisfactorio;5 = Totalmente satisfactorio;5 = Totalmente satisfactorio;5 = Totalmente satisfactorio;5 = Totalmente satisfactorio;5 = Totalmente satisfactorio;5 = Totalmente satisfactorio;5 = Totalmente satisfactorio;5 = Totalmente satisfactorio;5 = Totalmente satisfactorio;5 = Totalmente satisfactorio;5 = Totalmente satisfactorio;5 = Totalmente satisfactorio;5 = Totalmente satisfactorio;5 = Totalmente satisfactorio;5 = Totalmente satisfactorio;5 = Totalmente satisfactorio;5 = Totalmente satisfactorio;5 = Totalmente satisfactorio;5 = Totalmente satisfactorio
73;3 = Neutral;2 = Poco satisfactorio;2 = Poco satisfactorio;2 = Poco satisfactorio;2 = Poco satisfactorio;2 = Poco satisfactorio;4 = Muy Satisfactorio;2 = Poco satisfactorio;2 = Poco satisfactorio;3 = Neutral;2 = Poco satisfactorio;2 = Poco satisfactorio;3 = Neutral;4 = Muy Satisfactorio;3 = Neutral;2 = Poco satisfactorio;2 = Poco satisfactorio;3 = Neutral;3 = Neutral;4 = Muy Satisfactorio
74;1 = Nada satisfactorio;2 = Poco satisfactorio;2 = Poco satisfactorio;1 = Nada satisfactorio;1 = Nada satisfactorio;2 = Poco satisfactorio;2 = Poco satisfactorio;2 = Poco satisfactorio;2 = Poco satisfactorio;2 = Poco satisfactorio;4 = Muy Satisfactorio;2 = Poco satisfactorio;2 = Poco satisfactorio;2 = Poco satisfactorio;1 = Nada satisfactorio;2 = Poco satisfactorio;1 = Nada satisfactorio;1 = Nada satisfactorio;1 = Nada satisfactorio;3 = Neutral
75;4 = Muy Satisfactorio;4 = Muy Satisfactorio;4 = Muy Satisfactorio;4 = Muy Satisfactorio;4 = Muy Satisfactorio;1 = Nada satisfactorio;4 = Muy Satisfactorio;4 = Muy Satisfactorio;4 = Muy Satisfactorio;4 = Muy Satisfactorio;5 = Totalmente satisfactorio;4 = Muy Satisfactorio;4 = Muy Satisfactorio;4 = Muy Satisfactorio;4 = Muy Satisfactorio;4 = Muy Satisfactorio;3 = Neutral;4 = Muy Satisfactorio;3 = Neutral;4 = Muy Satisfactorio
76;3 = Neutral;3 = Neutral;3 = Neutral;3 = Neutral;3 = Neutral;3 = Neutral;3 = Neutral;3 = Neutral;3 = Neutral;3 = Neutral;3 = Neutral;3 = Neutral;3 = Neutral;3 = Neutral;3 = Neutral;3 = Neutral;3 = Neutral;3 = Neutral;3 = Neutral;3 = Neutral
77;3 = Neutral;4 = Muy Satisfactorio;3 = Neutral;4 = Muy Satisfactorio;3 = Neutral;2 = Poco satisfactorio;4 = Muy Satisfactorio;4 = Muy Satisfactorio;4 = Muy Satisfactorio;4 = Muy Satisfactorio;4 = Muy Satisfactorio;3 = Neutral;4 = Muy Satisfactorio;4 = Muy Satisfactorio;4 = Muy Satisfactorio;4 = Muy Satisfactorio;4 = Muy Satisfactorio;4 = Muy Satisfactorio;3 = Neutral;3 = Neutral
78;5 = Totalmente satisfactorio;5 = Totalmente satisfactorio;5 = Totalmente satisfactorio;5 = Totalmente satisfactorio;5 = Totalmente satisfactorio;5 = Totalmente satisfactorio;5 = Totalmente satisfactorio;5 = Totalmente satisfactorio;5 = Totalmente satisfactorio;5 = Totalmente satisfactorio;5 = Totalmente satisfactorio;5 = Totalmente satisfactorio;5 = Totalmente satisfactorio;5 = Totalmente satisfactorio;5 = Totalmente satisfactorio;5 = Totalmente satisfactorio;5 = Totalmente satisfactorio;5 = Totalmente satisfactorio;5 = Totalmente satisfactorio;5 = Totalmente satisfactorio
79;4 = Muy Satisfactorio;4 = Muy Satisfactorio;4 = Muy Satisfactorio;3 = Neutral;2 = Poco satisfactorio;1 = Nada satisfactorio;5 = Totalmente satisfactorio;4 = Muy Satisfactorio;4 = Muy Satisfactorio;5 = Totalmente satisfactorio;2 = Poco satisfactorio;2 = Poco satisfactorio;4 = Muy Satisfactorio;5 = Totalmente satisfactorio;4 = Muy Satisfactorio;4 = Muy Satisfactorio;4 = Muy Satisfactorio;4 = Muy Satisfactorio;4 = Muy Satisfactorio;4 = Muy Satisfactorio
80;2 = Poco satisfactorio;2 = Poco satisfactorio;2 = Poco satisfactorio;2 = Poco satisfactorio;4 = Muy Satisfactorio;5 = Totalmente satisfactorio;2 = Poco satisfactorio;2 = Poco satisfactorio;2 = Poco satisfactorio;2 = Poco satisfactorio;2 = Poco satisfactorio;2 = Poco satisfactorio;2 = Poco satisfactorio;2 = Poco satisfactorio;2 = Poco satisfactorio;2 = Poco satisfactorio;2 = Poco satisfactorio;4 = Muy Satisfactorio;2 = Poco satisfactorio;5 = Totalmente satisfactorio
81;2 = Poco satisfactorio;2 = Poco satisfactorio;2 = Poco satisfactorio;2 = Poco satisfactorio;3 = Neutral;3 = Neutral;3 = Neutral;3 = Neutral;2 = Poco satisfactorio;2 = Poco satisfactorio;3 = Neutral;3 = Neutral;2 = Poco satisfactorio;3 = Neutral;3 = Neutral;3 = Neutral;2 = Poco satisfactorio;4 = Muy Satisfactorio;3 = Neutral;4 = Muy Satisfactorio
82;5 = Totalmente satisfactorio;5 = Totalmente satisfactorio;5 = Totalmente satisfactorio;5 = Totalmente satisfactorio;5 = Totalmente satisfactorio;5 = Totalmente satisfactorio;5 = Totalmente satisfactorio;5 = Totalmente satisfactorio;5 = Totalmente satisfactorio;5 = Totalmente satisfactorio;5 = Totalmente satisfactorio;5 = Totalmente satisfactorio;5 = Totalmente satisfactorio;5 = Totalmente satisfactorio;5 = Totalmente satisfactorio;5 = Totalmente satisfactorio;5 = Totalmente satisfactorio;5 = Totalmente satisfactorio;5 = Totalmente satisfactorio;5 = Totalmente satisfactorio
83;4 = Muy Satisfactorio;4 = Muy Satisfactorio;4 = Muy Satisfactorio;4 = Muy Satisfactorio;4 = Muy Satisfactorio;4 = Muy Satisfactorio;4 = Muy Satisfactorio;4 = Muy Satisfactorio;4 = Muy Satisfactorio;4 = Muy Satisfactorio;4 = Muy Satisfactorio;4 = Muy Satisfactorio;4 = Muy Satisfactorio;4 = Muy Satisfactorio;4 = Muy Satisfactorio;4 = Muy Satisfactorio;4 = Muy Satisfactorio;4 = Muy Satisfactorio;4 = Muy Satisfactorio;4 = Muy Satisfactorio
84;4 = Muy Satisfactorio;4 = Muy Satisfactorio;4 = Muy Satisfactorio;4 = Muy Satisfactorio;4 = Muy Satisfactorio;4 = Muy Satisfactorio;4 = Muy Satisfactorio;4 = Muy Satisfactorio;4 = Muy Satisfactorio;4 = Muy Satisfactorio;4 = Muy Satisfactorio;4 = Muy Satisfactorio;4 = Muy Satisfactorio;4 = Muy Satisfactorio;4 = Muy Satisfactorio;4 = Muy Satisfactorio;3 = Neutral;4 = Muy Satisfactorio;4 = Muy Satisfactorio;4 = Muy Satisfactorio
85;5 = Totalmente satisfactorio;5 = Totalmente satisfactorio;5 = Totalmente satisfactorio;4 = Muy Satisfactorio;4 = Muy Satisfactorio;4 = Muy Satisfactorio;5 = Totalmente satisfactorio;5 = Totalmente satisfactorio;5 = Totalmente satisfactorio;5 = Totalmente satisfactorio;5 = Totalmente satisfactorio;4 = Muy Satisfactorio;4 = Muy Satisfactorio;4 = Muy Satisfactorio;4 = Muy Satisfactorio;4 = Muy Satisfactorio;4 = Muy Satisfactorio;4 = Muy Satisfactorio;4 = Muy Satisfactorio;4 = Muy Satisfactorio
86;5 = Totalmente satisfactorio;5 = Totalmente satisfactorio;5 = Totalmente satisfactorio;5 = Totalmente satisfactorio;5 = Totalmente satisfactorio;1 = Nada satisfactorio;5 = Totalmente satisfactorio;5 = Totalmente satisfactorio;5 = Totalmente satisfactorio;5 = Totalmente satisfactorio;5 = Totalmente satisfactorio;5 = Totalmente satisfactorio;4 = Muy Satisfactorio;5 = Totalmente satisfactorio;5 = Totalmente satisfactorio;5 = Totalmente satisfactorio;3 = Neutral;5 = Totalmente satisfactorio;5 = Totalmente satisfactorio;5 = Totalmente satisfactorio
87;3 = Neutral;2 = Poco satisfactorio;2 = Poco satisfactorio;2 = Poco satisfactorio;3 = Neutral;5 = Totalmente satisfactorio;3 = Neutral;3 = Neutral;3 = Neutral;3 = Neutral;3 = Neutral;3 = Neutral;3 = Neutral;3 = Neutral;3 = Neutral;3 = Neutral;1 = Nada satisfactorio;2 = Poco satisfactorio;3 = Neutral;4 = Muy Satisfactorio
88;5 = Totalmente satisfactorio;5 = Totalmente satisfactorio;5 = Totalmente satisfactorio;5 = Totalmente satisfactorio;5 = Totalmente satisfactorio;5 = Totalmente satisfactorio;5 = Totalmente satisfactorio;5 = Totalmente satisfactorio;5 = Totalmente satisfactorio;5 = Totalmente satisfactorio;5 = Totalmente satisfactorio;5 = Totalmente satisfactorio;5 = Totalmente satisfactorio;5 = Totalmente satisfactorio;5 = Totalmente satisfactorio;5 = Totalmente satisfactorio;5 = Totalmente satisfactorio;5 = Totalmente satisfactorio;5 = Totalmente satisfactorio;5 = Totalmente satisfactorio
89;4 = Muy Satisfactorio;4 = Muy Satisfactorio;4 = Muy Satisfactorio;4 = Muy Satisfactorio;3 = Neutral;4 = Muy Satisfactorio;4 = Muy Satisfactorio;4 = Muy Satisfactorio;3 = Neutral;4 = Muy Satisfactorio;4 = Muy Satisfactorio;4 = Muy Satisfactorio;3 = Neutral;4 = Muy Satisfactorio;4 = Muy Satisfactorio;4 = Muy Satisfactorio;3 = Neutral;4 = Muy Satisfactorio;4 = Muy Satisfactorio;5 = Totalmente satisfactorio
90;3 = Neutral;3 = Neutral;3 = Neutral;3 = Neutral;4 = Muy Satisfactorio;1 = Nada satisfactorio;3 = Neutral;2 = Poco satisfactorio;2 = Poco satisfactorio;1 = Nada satisfactorio;3 = Neutral;4 = Muy Satisfactorio;4 = Muy Satisfactorio;4 = Muy Satisfactorio;2 = Poco satisfactorio;3 = Neutral;4 = Muy Satisfactorio;4 = Muy Satisfactorio;3 = Neutral;4 = Muy Satisfactorio
91;4 = Muy Satisfactorio;4 = Muy Satisfactorio;4 = Muy Satisfactorio;4 = Muy Satisfactorio;4 = Muy Satisfactorio;4 = Muy Satisfactorio;4 = Muy Satisfactorio;4 = Muy Satisfactorio;4 = Muy Satisfactorio;4 = Muy Satisfactorio;4 = Muy Satisfactorio;4 = Muy Satisfactorio;4 = Muy Satisfactorio;4 = Muy Satisfactorio;4 = Muy Satisfactorio;4 = Muy Satisfactorio;4 = Muy Satisfactorio;4 = Muy Satisfactorio;4 = Muy Satisfactorio;4 = Muy Satisfactorio
92;5 = Totalmente satisfactorio;5 = Totalmente satisfactorio;5 = Totalmente satisfactorio;5 = Totalmente satisfactorio;5 = Totalmente satisfactorio;4 = Muy Satisfactorio;5 = Totalmente satisfactorio;5 = Totalmente satisfactorio;5 = Totalmente satisfactorio;5 = Totalmente satisfactorio;4 = Muy Satisfactorio;5 = Totalmente satisfactorio;5 = Totalmente satisfactorio;5 = Totalmente satisfactorio;5 = Totalmente satisfactorio;4 = Muy Satisfactorio;5 = Totalmente satisfactorio;4 = Muy Satisfactorio;5 = Totalmente satisfactorio;4 = Muy Satisfactorio
93;5 = Totalmente satisfactorio;5 = Totalmente satisfactorio;5 = Totalmente satisfactorio;5 = Totalmente satisfactorio;5 = Totalmente satisfactorio;4 = Muy Satisfactorio;5 = Totalmente satisfactorio;5 = Totalmente satisfactorio;5 = Totalmente satisfactorio;5 = Totalmente satisfactorio;3 = Neutral;5 = Totalmente satisfactorio;5 = Totalmente satisfactorio;5 = Totalmente satisfactorio;5 = Totalmente satisfactorio;5 = Totalmente satisfactorio;5 = Totalmente satisfactorio;5 = Totalmente satisfactorio;5 = Totalmente satisfactorio;5 = Totalmente satisfactorio
94;2 = Poco satisfactorio;2 = Poco satisfactorio;3 = Neutral;3 = Neutral;3 = Neutral;3 = Neutral;3 = Neutral;2 = Poco satisfactorio;2 = Poco satisfactorio;3 = Neutral;4 = Muy Satisfactorio;4 = Muy Satisfactorio;4 = Muy Satisfactorio;4 = Muy Satisfactorio;4 = Muy Satisfactorio;2 = Poco satisfactorio;4 = Muy Satisfactorio;4 = Muy Satisfactorio;2 = Poco satisfactorio;4 = Muy Satisfactorio
95;4 = Muy Satisfactorio;5 = Totalmente satisfactorio;4 = Muy Satisfactorio;4 = Muy Satisfactorio;4 = Muy Satisfactorio;5 = Totalmente satisfactorio;5 = Totalmente satisfactorio;4 = Muy Satisfactorio;5 = Totalmente satisfactorio;4 = Muy Satisfactorio;2 = Poco satisfactorio;2 = Poco satisfactorio;5 = Totalmente satisfactorio;4 = Muy Satisfactorio;3 = Neutral;2 = Poco satisfactorio;4 = Muy Satisfactorio;5 = Totalmente satisfactorio;2 = Poco satisfactorio;4 = Muy Satisfactorio
96;3 = Neutral;3 = Neutral;3 = Neutral;3 = Neutral;3 = Neutral;3 = Neutral;4 = Muy Satisfactorio;3 = Neutral;3 = Neutral;3 = Neutral;3 = Neutral;4 = Muy Satisfactorio;3 = Neutral;3 = Neutral;2 = Poco satisfactorio;4 = Muy Satisfactorio;4 = Muy Satisfactorio;2 = Poco satisfactorio;2 = Poco satisfactorio;4 = Muy Satisfactorio
97;3 = Neutral;3 = Neutral;4 = Muy Satisfactorio;3 = Neutral;2 = Poco satisfactorio;5 = Totalmente satisfactorio;2 = Poco satisfactorio;3 = Neutral;3 = Neutral;3 = Neutral;2 = Poco satisfactorio;3 = Neutral;2 = Poco satisfactorio;3 = Neutral;3 = Neutral;3 = Neutral;3 = Neutral;4 = Muy Satisfactorio;1 = Nada satisfactorio;3 = Neutral
98;5 = Totalmente satisfactorio;5 = Totalmente satisfactorio;5 = Totalmente satisfactorio;5 = Totalmente satisfactorio;5 = Totalmente satisfactorio;5 = Totalmente satisfactorio;5 = Totalmente satisfactorio;5 = Totalmente satisfactorio;5 = Totalmente satisfactorio;5 = Totalmente satisfactorio;5 = Totalmente satisfactorio;5 = Totalmente satisfactorio;5 = Totalmente satisfactorio;5 = Totalmente satisfactorio;5 = Totalmente satisfactorio;5 = Totalmente satisfactorio;5 = Totalmente satisfactorio;5 = Totalmente satisfactorio;5 = Totalmente satisfactorio;5 = Totalmente satisfactorio
99;4 = Muy Satisfactorio;3 = Neutral;4 = Muy Satisfactorio;3 = Neutral;4 = Muy Satisfactorio;5 = Totalmente satisfactorio;5 = Totalmente satisfactorio;4 = Muy Satisfactorio;4 = Muy Satisfactorio;4 = Muy Satisfactorio;4 = Muy Satisfactorio;4 = Muy Satisfactorio;4 = Muy Satisfactorio;3 = Neutral;4 = Muy Satisfactorio;3 = Neutral;3 = Neutral;4 = Muy Satisfactorio;3 = Neutral;5 = Totalmente satisfactorio
100;3 = Neutral;2 = Poco satisfactorio;3 = Neutral;2 = Poco satisfactorio;4 = Muy Satisfactorio;3 = Neutral;3 = Neutral;4 = Muy Satisfactorio;3 = Neutral;3 = Neutral;4 = Muy Satisfactorio;5 = Totalmente satisfactorio;3 = Neutral;3 = Neutral;3 = Neutral;3 = Neutral;1 = Nada satisfactorio;3 = Neutral;3 = Neutral;3 = Neutral
101;5 = Totalmente satisfactorio;4 = Muy Satisfactorio;4 = Muy Satisfactorio;4 = Muy Satisfactorio;4 = Muy Satisfactorio;4 = Muy Satisfactorio;4 = Muy Satisfactorio;4 = Muy Satisfactorio;4 = Muy Satisfactorio;5 = Totalmente satisfactorio;5 = Totalmente satisfactorio;5 = Totalmente satisfactorio;4 = Muy Satisfactorio;4 = Muy Satisfactorio;5 = Totalmente satisfactorio;5 = Totalmente satisfactorio;4 = Muy Satisfactorio;5 = Totalmente satisfactorio;5 = Totalmente satisfactorio;5 = Totalmente satisfactorio
102;3 = Neutral;3 = Neutral;3 = Neutral;3 = Neutral;3 = Neutral;3 = Neutral;3 = Neutral;3 = Neutral;3 = Neutral;3 = Neutral;3 = Neutral;3 = Neutral;3 = Neutral;3 = Neutral;3 = Neutral;3 = Neutral;3 = Neutral;3 = Neutral;3 = Neutral;3 = Neutral
103;4 = Muy Satisfactorio;4 = Muy Satisfactorio;4 = Muy Satisfactorio;4 = Muy Satisfactorio;4 = Muy Satisfactorio;4 = Muy Satisfactorio;4 = Muy Satisfactorio;4 = Muy Satisfactorio;4 = Muy Satisfactorio;4 = Muy Satisfactorio;4 = Muy Satisfactorio;4 = Muy Satisfactorio;4 = Muy Satisfactorio;4 = Muy Satisfactorio;4 = Muy Satisfactorio;4 = Muy Satisfactorio;4 = Muy Satisfactorio;4 = Muy Satisfactorio;4 = Muy Satisfactorio;4 = Muy Satisfactorio
104;2 = Poco satisfactorio;2 = Poco satisfactorio;2 = Poco satisfactorio;2 = Poco satisfactorio;2 = Poco satisfactorio;4 = Muy Satisfactorio;2 = Poco satisfactorio;2 = Poco satisfactorio;2 = Poco satisfactorio;1 = Nada satisfactorio;2 = Poco satisfactorio;4 = Muy Satisfactorio;1 = Nada satisfactorio;1 = Nada satisfactorio;1 = Nada satisfactorio;1 = Nada satisfactorio;2 = Poco satisfactorio;2 = Poco satisfactorio;1 = Nada satisfactorio;3 = Neutral
105;4 = Muy Satisfactorio;3 = Neutral;4 = Muy Satisfactorio;4 = Muy Satisfactorio;2 = Poco satisfactorio;2 = Poco satisfactorio;4 = Muy Satisfactorio;4 = Muy Satisfactorio;4 = Muy Satisfactorio;4 = Muy Satisfactorio;4 = Muy Satisfactorio;5 = Totalmente satisfactorio;2 = Poco satisfactorio;4 = Muy Satisfactorio;4 = Muy Satisfactorio;4 = Muy Satisfactorio;2 = Poco satisfactorio;3 = Neutral;3 = Neutral;4 = Muy Satisfactorio
106;5 = Totalmente satisfactorio;5 = Totalmente satisfactorio;5 = Totalmente satisfactorio;5 = Totalmente satisfactorio;5 = Totalmente satisfactorio;5 = Totalmente satisfactorio;5 = Totalmente satisfactorio;5 = Totalmente satisfactorio;5 = Totalmente satisfactorio;5 = Totalmente satisfactorio;5 = Totalmente satisfactorio;5 = Totalmente satisfactorio;5 = Totalmente satisfactorio;5 = Totalmente satisfactorio;5 = Totalmente satisfactorio;5 = Totalmente satisfactorio;5 = Totalmente satisfactorio;5 = Totalmente satisfactorio;5 = Totalmente satisfactorio;5 = Totalmente satisfactorio
107;4 = Muy Satisfactorio;5 = Totalmente satisfactorio;4 = Muy Satisfactorio;5 = Totalmente satisfactorio;4 = Muy Satisfactorio;5 = Totalmente satisfactorio;4 = Muy Satisfactorio;3 = Neutral;3 = Neutral;4 = Muy Satisfactorio;3 = Neutral;5 = Totalmente satisfactorio;5 = Totalmente satisfactorio;4 = Muy Satisfactorio;4 = Muy Satisfactorio;4 = Muy Satisfactorio;3 = Neutral;4 = Muy Satisfactorio;4 = Muy Satisfactorio;5 = Totalmente satisfactorio
108;4 = Muy Satisfactorio;4 = Muy Satisfactorio;4 = Muy Satisfactorio;4 = Muy Satisfactorio;4 = Muy Satisfactorio;2 = Poco satisfactorio;4 = Muy Satisfactorio;4 = Muy Satisfactorio;4 = Muy Satisfactorio;4 = Muy Satisfactorio;5 = Totalmente satisfactorio;4 = Muy Satisfactorio;4 = Muy Satisfactorio;4 = Muy Satisfactorio;4 = Muy Satisfactorio;3 = Neutral;5 = Totalmente satisfactorio;1 = Nada satisfactorio;5 = Totalmente satisfactorio;1 = Nada satisfactorio
109;4 = Muy Satisfactorio;4 = Muy Satisfactorio;4 = Muy Satisfactorio;4 = Muy Satisfactorio;4 = Muy Satisfactorio;4 = Muy Satisfactorio;5 = Totalmente satisfactorio;4 = Muy Satisfactorio;4 = Muy Satisfactorio;5 = Totalmente satisfactorio;4 = Muy Satisfactorio;4 = Muy Satisfactorio;4 = Muy Satisfactorio;4 = Muy Satisfactorio;4 = Muy Satisfactorio;5 = Totalmente satisfactorio;4 = Muy Satisfactorio;2 = Poco satisfactorio;4 = Muy Satisfactorio;4 = Muy Satisfactorio
110;2 = Poco satisfactorio;4 = Muy Satisfactorio;2 = Poco satisfactorio;2 = Poco satisfactorio;4 = Muy Satisfactorio;3 = Neutral;2 = Poco satisfactorio;5 = Totalmente satisfactorio;2 = Poco satisfactorio;3 = Neutral;2 = Poco satisfactorio;3 = Neutral;4 = Muy Satisfactorio;4 = Muy Satisfactorio;4 = Muy Satisfactorio;5 = Totalmente satisfactorio;4 = Muy Satisfactorio;4 = Muy Satisfactorio;5 = Totalmente satisfactorio;1 = Nada satisfactorio
111;3 = Neutral;3 = Neutral;3 = Neutral;3 = Neutral;3 = Neutral;3 = Neutral;3 = Neutral;3 = Neutral;3 = Neutral;3 = Neutral;3 = Neutral;3 = Neutral;3 = Neutral;3 = Neutral;3 = Neutral;3 = Neutral;3 = Neutral;3 = Neutral;3 = Neutral;3 = Neutral
112;4 = Muy Satisfactorio;4 = Muy Satisfactorio;4 = Muy Satisfactorio;4 = Muy Satisfactorio;4 = Muy Satisfactorio;4 = Muy Satisfactorio;4 = Muy Satisfactorio;4 = Muy Satisfactorio;4 = Muy Satisfactorio;4 = Muy Satisfactorio;4 = Muy Satisfactorio;4 = Muy Satisfactorio;4 = Muy Satisfactorio;4 = Muy Satisfactorio;4 = Muy Satisfactorio;4 = Muy Satisfactorio;4 = Muy Satisfactorio;4 = Muy Satisfactorio;4 = Muy Satisfactorio;4 = Muy Satisfactorio
113;5 = Totalmente satisfactorio;5 = Totalmente satisfactorio;5 = Totalmente satisfactorio;5 = Totalmente satisfactorio;5 = Totalmente satisfactorio;5 = Totalmente satisfactorio;5 = Totalmente satisfactorio;5 = Totalmente satisfactorio;5 = Totalmente satisfactorio;5 = Totalmente satisfactorio;5 = Totalmente satisfactorio;5 = Totalmente satisfactorio;5 = Totalmente satisfactorio;5 = Totalmente satisfactorio;5 = Totalmente satisfactorio;5 = Totalmente satisfactorio;3 = Neutral;4 = Muy Satisfactorio;5 = Totalmente satisfactorio;5 = Totalmente satisfactorio
114;5 = Totalmente satisfactorio;5 = Totalmente satisfactorio;5 = Totalmente satisfactorio;5 = Totalmente satisfactorio;5 = Totalmente satisfactorio;5 = Totalmente satisfactorio;5 = Totalmente satisfactorio;5 = Totalmente satisfactorio;5 = Totalmente satisfactorio;5 = Totalmente satisfactorio;5 = Totalmente satisfactorio;5 = Totalmente satisfactorio;5 = Totalmente satisfactorio;5 = Totalmente satisfactorio;5 = Totalmente satisfactorio;5 = Totalmente satisfactorio;3 = Neutral;5 = Totalmente satisfactorio;5 = Totalmente satisfactorio;5 = Totalmente satisfactorio
115;5 = Totalmente satisfactorio;5 = Totalmente satisfactorio;5 = Totalmente satisfactorio;5 = Totalmente satisfactorio;5 = Totalmente satisfactorio;2 = Poco satisfactorio;5 = Totalmente satisfactorio;5 = Totalmente satisfactorio;5 = Totalmente satisfactorio;5 = Totalmente satisfactorio;5 = Totalmente satisfactorio;5 = Totalmente satisfactorio;5 = Totalmente satisfactorio;5 = Totalmente satisfactorio;5 = Totalmente satisfactorio;4 = Muy Satisfactorio;4 = Muy Satisfactorio;4 = Muy Satisfactorio;5 = Totalmente satisfactorio;5 = Totalmente satisfactorio
116;4 = Muy Satisfactorio;4 = Muy Satisfactorio;4 = Muy Satisfactorio;4 = Muy Satisfactorio;4 = Muy Satisfactorio;4 = Muy Satisfactorio;4 = Muy Satisfactorio;4 = Muy Satisfactorio;4 = Muy Satisfactorio;4 = Muy Satisfactorio;4 = Muy Satisfactorio;4 = Muy Satisfactorio;4 = Muy Satisfactorio;4 = Muy Satisfactorio;4 = Muy Satisfactorio;4 = Muy Satisfactorio;4 = Muy Satisfactorio;4 = Muy Satisfactorio;4 = Muy Satisfactorio;4 = Muy Satisfactorio
117;4 = Muy Satisfactorio;4 = Muy Satisfactorio;4 = Muy Satisfactorio;4 = Muy Satisfactorio;4 = Muy Satisfactorio;4 = Muy Satisfactorio;4 = Muy Satisfactorio;4 = Muy Satisfactorio;4 = Muy Satisfactorio;4 = Muy Satisfactorio;4 = Muy Satisfactorio;4 = Muy Satisfactorio;4 = Muy Satisfactorio;4 = Muy Satisfactorio;4 = Muy Satisfactorio;4 = Muy Satisfactorio;3 = Neutral;3 = Neutral;4 = Muy Satisfactorio;4 = Muy Satisfactorio
118;5 = Totalmente satisfactorio;5 = Totalmente satisfactorio;5 = Totalmente satisfactorio;5 = Totalmente satisfactorio;5 = Totalmente satisfactorio;5 = Totalmente satisfactorio;4 = Muy Satisfactorio;3 = Neutral;4 = Muy Satisfactorio;5 = Totalmente satisfactorio;5 = Totalmente satisfactorio;4 = Muy Satisfactorio;4 = Muy Satisfactorio;4 = Muy Satisfactorio;4 = Muy Satisfactorio;4 = Muy Satisfactorio;3 = Neutral;5 = Totalmente satisfactorio;5 = Totalmente satisfactorio;5 = Totalmente satisfactorio
119;5 = Totalmente satisfactorio;5 = Totalmente satisfactorio;4 = Muy Satisfactorio;5 = Totalmente satisfactorio;4 = Muy Satisfactorio;4 = Muy Satisfactorio;5 = Totalmente satisfactorio;5 = Totalmente satisfactorio;5 = Totalmente satisfactorio;5 = Totalmente satisfactorio;4 = Muy Satisfactorio;5 = Totalmente satisfactorio;4 = Muy Satisfactorio;4 = Muy Satisfactorio;4 = Muy Satisfactorio;4 = Muy Satisfactorio;4 = Muy Satisfactorio;4 = Muy Satisfactorio;5 = Totalmente satisfactorio;5 = Totalmente satisfactorio
120;3 = Neutral;3 = Neutral;3 = Neutral;3 = Neutral;3 = Neutral;3 = Neutral;3 = Neutral;3 = Neutral;3 = Neutral;3 = Neutral;3 = Neutral;3 = Neutral;3 = Neutral;3 = Neutral;3 = Neutral;3 = Neutral;3 = Neutral;3 = Neutral;3 = Neutral;3 = Neutral
121;5 = Totalmente satisfactorio;5 = Totalmente satisfactorio;5 = Totalmente satisfactorio;5 = Totalmente satisfactorio;3 = Neutral;2 = Poco satisfactorio;4 = Muy Satisfactorio;4 = Muy Satisfactorio;4 = Muy Satisfactorio;5 = Totalmente satisfactorio;5 = Totalmente satisfactorio;4 = Muy Satisfactorio;5 = Totalmente satisfactorio;5 = Totalmente satisfactorio;5 = Totalmente satisfactorio;4 = Muy Satisfactorio;3 = Neutral;4 = Muy Satisfactorio;4 = Muy Satisfactorio;5 = Totalmente satisfactorio
122;3 = Neutral;3 = Neutral;4 = Muy Satisfactorio;2 = Poco satisfactorio;3 = Neutral;2 = Poco satisfactorio;2 = Poco satisfactorio;2 = Poco satisfactorio;2 = Poco satisfactorio;2 = Poco satisfactorio;2 = Poco satisfactorio;3 = Neutral;4 = Muy Satisfactorio;2 = Poco satisfactorio;2 = Poco satisfactorio;3 = Neutral;3 = Neutral;2 = Poco satisfactorio;3 = Neutral;4 = Muy Satisfactorio
123;4 = Muy Satisfactorio;5 = Totalmente satisfactorio;4 = Muy Satisfactorio;4 = Muy Satisfactorio;4 = Muy Satisfactorio;4 = Muy Satisfactorio;4 = Muy Satisfactorio;4 = Muy Satisfactorio;4 = Muy Satisfactorio;4 = Muy Satisfactorio;4 = Muy Satisfactorio;4 = Muy Satisfactorio;4 = Muy Satisfactorio;4 = Muy Satisfactorio;4 = Muy Satisfactorio;4 = Muy Satisfactorio;4 = Muy Satisfactorio;4 = Muy Satisfactorio;4 = Muy Satisfactorio;4 = Muy Satisfactorio
124;2 = Poco satisfactorio;2 = Poco satisfactorio;2 = Poco satisfactorio;3 = Neutral;2 = Poco satisfactorio;3 = Neutral;4 = Muy Satisfactorio;2 = Poco satisfactorio;3 = Neutral;2 = Poco satisfactorio;3 = Neutral;3 = Neutral;3 = Neutral;3 = Neutral;3 = Neutral;2 = Poco satisfactorio;4 = Muy Satisfactorio;4 = Muy Satisfactorio;2 = Poco satisfactorio;4 = Muy Satisfactorio
125;3 = Neutral;4 = Muy Satisfactorio;4 = Muy Satisfactorio;4 = Muy Satisfactorio;3 = Neutral;4 = Muy Satisfactorio;3 = Neutral;4 = Muy Satisfactorio;3 = Neutral;4 = Muy Satisfactorio;4 = Muy Satisfactorio;5 = Totalmente satisfactorio;5 = Totalmente satisfactorio;4 = Muy Satisfactorio;4 = Muy Satisfactorio;4 = Muy Satisfactorio;3 = Neutral;4 = Muy Satisfactorio;4 = Muy Satisfactorio;5 = Totalmente satisfactorio
126;2 = Poco satisfactorio;2 = Poco satisfactorio;2 = Poco satisfactorio;2 = Poco satisfactorio;2 = Poco satisfactorio;1 = Nada satisfactorio;2 = Poco satisfactorio;2 = Poco satisfactorio;2 = Poco satisfactorio;3 = Neutral;2 = Poco satisfactorio;4 = Muy Satisfactorio;2 = Poco satisfactorio;2 = Poco satisfactorio;2 = Poco satisfactorio;2 = Poco satisfactorio;2 = Poco satisfactorio;2 = Poco satisfactorio;1 = Nada satisfactorio;2 = Poco satisfactorio
127;2 = Poco satisfactorio;3 = Neutral;3 = Neutral;2 = Poco satisfactorio;4 = Muy Satisfactorio;3 = Neutral;4 = Muy Satisfactorio;3 = Neutral;4 = Muy Satisfactorio;3 = Neutral;3 = Neutral;4 = Muy Satisfactorio;4 = Muy Satisfactorio;3 = Neutral;3 = Neutral;2 = Poco satisfactorio;1 = Nada satisfactorio;3 = Neutral;3 = Neutral;4 = Muy Satisfactorio
128;2 = Poco satisfactorio;2 = Poco satisfactorio;2 = Poco satisfactorio;2 = Poco satisfactorio;3 = Neutral;3 = Neutral;3 = Neutral;3 = Neutral;3 = Neutral;3 = Neutral;3 = Neutral;3 = Neutral;3 = Neutral;3 = Neutral;3 = Neutral;3 = Neutral;3 = Neutral;3 = Neutral;3 = Neutral;3 = Neutral
129;4 = Muy Satisfactorio;4 = Muy Satisfactorio;4 = Muy Satisfactorio;4 = Muy Satisfactorio;4 = Muy Satisfactorio;4 = Muy Satisfactorio;4 = Muy Satisfactorio;4 = Muy Satisfactorio;4 = Muy Satisfactorio;4 = Muy Satisfactorio;4 = Muy Satisfactorio;4 = Muy Satisfactorio;4 = Muy Satisfactorio;4 = Muy Satisfactorio;4 = Muy Satisfactorio;4 = Muy Satisfactorio;4 = Muy Satisfactorio;4 = Muy Satisfactorio;4 = Muy Satisfactorio;4 = Muy Satisfactorio
130;3 = Neutral;3 = Neutral;3 = Neutral;3 = Neutral;3 = Neutral;3 = Neutral;3 = Neutral;3 = Neutral;3 = Neutral;3 = Neutral;3 = Neutral;3 = Neutral;3 = Neutral;3 = Neutral;3 = Neutral;3 = Neutral;3 = Neutral;3 = Neutral;3 = Neutral;4 = Muy Satisfactorio
131;3 = Neutral;2 = Poco satisfactorio;3 = Neutral;2 = Poco satisfactorio;2 = Poco satisfactorio;3 = Neutral;2 = Poco satisfactorio;3 = Neutral;2 = Poco satisfactorio;3 = Neutral;2 = Poco satisfactorio;3 = Neutral;2 = Poco satisfactorio;3 = Neutral;2 = Poco satisfactorio;2 = Poco satisfactorio;2 = Poco satisfactorio;3 = Neutral;1 = Nada satisfactorio;3 = Neutral
132;4 = Muy Satisfactorio;4 = Muy Satisfactorio;4 = Muy Satisfactorio;4 = Muy Satisfactorio;4 = Muy Satisfactorio;4 = Muy Satisfactorio;5 = Totalmente satisfactorio;4 = Muy Satisfactorio;3 = Neutral;3 = Neutral;2 = Poco satisfactorio;4 = Muy Satisfactorio;4 = Muy Satisfactorio;4 = Muy Satisfactorio;3 = Neutral;3 = Neutral;3 = Neutral;3 = Neutral;4 = Muy Satisfactorio;4 = Muy Satisfactorio
133;3 = Neutral;3 = Neutral;3 = Neutral;3 = Neutral;3 = Neutral;3 = Neutral;3 = Neutral;3 = Neutral;2 = Poco satisfactorio;2 = Poco satisfactorio;4 = Muy Satisfactorio;1 = Nada satisfactorio;2 = Poco satisfactorio;3 = Neutral;1 = Nada satisfactorio;2 = Poco satisfactorio;1 = Nada satisfactorio;4 = Muy Satisfactorio;3 = Neutral;4 = Muy Satisfactorio
134;5 = Totalmente satisfactorio;5 = Totalmente satisfactorio;5 = Totalmente satisfactorio;5 = Totalmente satisfactorio;5 = Totalmente satisfactorio;5 = Totalmente satisfactorio;5 = Totalmente satisfactorio;5 = Totalmente satisfactorio;5 = Totalmente satisfactorio;5 = Totalmente satisfactorio;5 = Totalmente satisfactorio;5 = Totalmente satisfactorio;5 = Totalmente satisfactorio;5 = Totalmente satisfactorio;5 = Totalmente satisfactorio;5 = Totalmente satisfactorio;5 = Totalmente satisfactorio;5 = Totalmente satisfactorio;5 = Totalmente satisfactorio;5 = Totalmente satisfactorio
135;5 = Totalmente satisfactorio;5 = Totalmente satisfactorio;5 = Totalmente satisfactorio;5 = Totalmente satisfactorio;3 = Neutral;3 = Neutral;5 = Totalmente satisfactorio;5 = Totalmente satisfactorio;3 = Neutral;5 = Totalmente satisfactorio;1 = Nada satisfactorio;1 = Nada satisfactorio;5 = Totalmente satisfactorio;5 = Totalmente satisfactorio;5 = Totalmente satisfactorio;4 = Muy Satisfactorio;4 = Muy Satisfactorio;5 = Totalmente satisfactorio;4 = Muy Satisfactorio;5 = Totalmente satisfactorio
136;4 = Muy Satisfactorio;4 = Muy Satisfactorio;4 = Muy Satisfactorio;4 = Muy Satisfactorio;4 = Muy Satisfactorio;4 = Muy Satisfactorio;4 = Muy Satisfactorio;1 = Nada satisfactorio;3 = Neutral;2 = Poco satisfactorio;4 = Muy Satisfactorio;4 = Muy Satisfactorio;4 = Muy Satisfactorio;3 = Neutral;3 = Neutral;4 = Muy Satisfactorio;4 = Muy Satisfactorio;4 = Muy Satisfactorio;3 = Neutral;4 = Muy Satisfactorio
137;3 = Neutral;2 = Poco satisfactorio;2 = Poco satisfactorio;2 = Poco satisfactorio;2 = Poco satisfactorio;2 = Poco satisfactorio;3 = Neutral;2 = Poco satisfactorio;2 = Poco satisfactorio;3 = Neutral;2 = Poco satisfactorio;2 = Poco satisfactorio;2 = Poco satisfactorio;2 = Poco satisfactorio;2 = Poco satisfactorio;2 = Poco satisfactorio;1 = Nada satisfactorio;2 = Poco satisfactorio;2 = Poco satisfactorio;4 = Muy Satisfactorio
138;1 = Nada satisfactorio;1 = Nada satisfactorio;1 = Nada satisfactorio;1 = Nada satisfactorio;3 = Neutral;3 = Neutral;3 = Neutral;3 = Neutral;3 = Neutral;3 = Neutral;3 = Neutral;5 = Totalmente satisfactorio;3 = Neutral;3 = Neutral;1 = Nada satisfactorio;1 = Nada satisfactorio;4 = Muy Satisfactorio;3 = Neutral;3 = Neutral;5 = Totalmente satisfactorio
139;5 = Totalmente satisfactorio;4 = Muy Satisfactorio;5 = Totalmente satisfactorio;4 = Muy Satisfactorio;5 = Totalmente satisfactorio;5 = Totalmente satisfactorio;5 = Totalmente satisfactorio;4 = Muy Satisfactorio;4 = Muy Satisfactorio;5 = Totalmente satisfactorio;4 = Muy Satisfactorio;4 = Muy Satisfactorio;4 = Muy Satisfactorio;4 = Muy Satisfactorio;4 = Muy Satisfactorio;5 = Totalmente satisfactorio;4 = Muy Satisfactorio;5 = Totalmente satisfactorio;4 = Muy Satisfactorio;4 = Muy Satisfactorio
140;3 = Neutral;3 = Neutral;3 = Neutral;3 = Neutral;4 = Muy Satisfactorio;5 = Totalmente satisfactorio;4 = Muy Satisfactorio;4 = Muy Satisfactorio;4 = Muy Satisfactorio;4 = Muy Satisfactorio;4 = Muy Satisfactorio;4 = Muy Satisfactorio;3 = Neutral;3 = Neutral;3 = Neutral;4 = Muy Satisfactorio;3 = Neutral;4 = Muy Satisfactorio;3 = Neutral;4 = Muy Satisfactorio
141;3 = Neutral;3 = Neutral;3 = Neutral;3 = Neutral;3 = Neutral;3 = Neutral;3 = Neutral;3 = Neutral;3 = Neutral;3 = Neutral;3 = Neutral;4 = Muy Satisfactorio;4 = Muy Satisfactorio;4 = Muy Satisfactorio;4 = Muy Satisfactorio;3 = Neutral;3 = Neutral;5 = Totalmente satisfactorio;4 = Muy Satisfactorio;5 = Totalmente satisfactorio
142;4 = Muy Satisfactorio;4 = Muy Satisfactorio;4 = Muy Satisfactorio;4 = Muy Satisfactorio;5 = Totalmente satisfactorio;5 = Totalmente satisfactorio;5 = Totalmente satisfactorio;5 = Totalmente satisfactorio;5 = Totalmente satisfactorio;5 = Totalmente satisfactorio;5 = Totalmente satisfactorio;5 = Totalmente satisfactorio;5 = Totalmente satisfactorio;5 = Totalmente satisfactorio;5 = Totalmente satisfactorio;5 = Totalmente satisfactorio;5 = Totalmente satisfactorio;5 = Totalmente satisfactorio;5 = Totalmente satisfactorio;5 = Totalmente satisfactorio
143;3 = Neutral;2 = Poco satisfactorio;3 = Neutral;3 = Neutral;3 = Neutral;2 = Poco satisfactorio;4 = Muy Satisfactorio;3 = Neutral;2 = Poco satisfactorio;3 = Neutral;2 = Poco satisfactorio;4 = Muy Satisfactorio;3 = Neutral;3 = Neutral;2 = Poco satisfactorio;3 = Neutral;1 = Nada satisfactorio;3 = Neutral;2 = Poco satisfactorio;3 = Neutral
144;3 = Neutral;3 = Neutral;3 = Neutral;3 = Neutral;3 = Neutral;3 = Neutral;3 = Neutral;3 = Neutral;3 = Neutral;3 = Neutral;3 = Neutral;3 = Neutral;3 = Neutral;3 = Neutral;3 = Neutral;3 = Neutral;3 = Neutral;3 = Neutral;3 = Neutral;3 = Neutral
145;2 = Poco satisfactorio;4 = Muy Satisfactorio;3 = Neutral;3 = Neutral;2 = Poco satisfactorio;3 = Neutral;4 = Muy Satisfactorio;3 = Neutral;3 = Neutral;3 = Neutral;4 = Muy Satisfactorio;4 = Muy Satisfactorio;4 = Muy Satisfactorio;4 = Muy Satisfactorio;3 = Neutral;3 = Neutral;3 = Neutral;5 = Totalmente satisfactorio;2 = Poco satisfactorio;3 = Neutral
146;4 = Muy Satisfactorio;2 = Poco satisfactorio;3 = Neutral;3 = Neutral;4 = Muy Satisfactorio;4 = Muy Satisfactorio;4 = Muy Satisfactorio;4 = Muy Satisfactorio;3 = Neutral;4 = Muy Satisfactorio;3 = Neutral;4 = Muy Satisfactorio;4 = Muy Satisfactorio;4 = Muy Satisfactorio;4 = Muy Satisfactorio;4 = Muy Satisfactorio;4 = Muy Satisfactorio;4 = Muy Satisfactorio;3 = Neutral;4 = Muy Satisfactorio
147;2 = Poco satisfactorio;1 = Nada satisfactorio;2 = Poco satisfactorio;2 = Poco satisfactorio;2 = Poco satisfactorio;3 = Neutral;1 = Nada satisfactorio;1 = Nada satisfactorio;1 = Nada satisfactorio;2 = Poco satisfactorio;3 = Neutral;2 = Poco satisfactorio;1 = Nada satisfactorio;3 = Neutral;2 = Poco satisfactorio;2 = Poco satisfactorio;3 = Neutral;3 = Neutral;2 = Poco satisfactorio;3 = Neutral
148;3 = Neutral;5 = Totalmente satisfactorio;4 = Muy Satisfactorio;4 = Muy Satisfactorio;3 = Neutral;4 = Muy Satisfactorio;5 = Totalmente satisfactorio;4 = Muy Satisfactorio;4 = Muy Satisfactorio;4 = Muy Satisfactorio;3 = Neutral;4 = Muy Satisfactorio;4 = Muy Satisfactorio;4 = Muy Satisfactorio;4 = Muy Satisfactorio;4 = Muy Satisfactorio;4 = Muy Satisfactorio;4 = Muy Satisfactorio;4 = Muy Satisfactorio;4 = Muy Satisfactorio
149;5 = Totalmente satisfactorio;5 = Totalmente satisfactorio;5 = Totalmente satisfactorio;5 = Totalmente satisfactorio;5 = Totalmente satisfactorio;5 = Totalmente satisfactorio;5 = Totalmente satisfactorio;5 = Totalmente satisfactorio;5 = Totalmente satisfactorio;5 = Totalmente satisfactorio;5 = Totalmente satisfactorio;5 = Totalmente satisfactorio;5 = Totalmente satisfactorio;5 = Totalmente satisfactorio;5 = Totalmente satisfactorio;5 = Totalmente satisfactorio;5 = Totalmente satisfactorio;5 = Totalmente satisfactorio;5 = Totalmente satisfactorio;5 = Totalmente satisfactorio
150;2 = Poco satisfactorio;3 = Neutral;3 = Neutral;3 = Neutral;3 = Neutral;4 = Muy Satisfactorio;3 = Neutral;3 = Neutral;2 = Poco satisfactorio;3 = Neutral;4 = Muy Satisfactorio;4 = Muy Satisfactorio;2 = Poco satisfactorio;4 = Muy Satisfactorio;3 = Neutral;2 = Poco satisfactorio;2 = Poco satisfactorio;3 = Neutral;3 = Neutral;5 = Totalmente satisfactorio
151;4 = Muy Satisfactorio;4 = Muy Satisfactorio;4 = Muy Satisfactorio;4 = Muy Satisfactorio;4 = Muy Satisfactorio;4 = Muy Satisfactorio;4 = Muy Satisfactorio;4 = Muy Satisfactorio;4 = Muy Satisfactorio;4 = Muy Satisfactorio;4 = Muy Satisfactorio;4 = Muy Satisfactorio;4 = Muy Satisfactorio;4 = Muy Satisfactorio;4 = Muy Satisfactorio;4 = Muy Satisfactorio;4 = Muy Satisfactorio;5 = Totalmente satisfactorio;5 = Totalmente satisfactorio;5 = Totalmente satisfactorio
152;3 = Neutral;3 = Neutral;3 = Neutral;3 = Neutral;3 = Neutral;3 = Neutral;3 = Neutral;3 = Neutral;3 = Neutral;3 = Neutral;3 = Neutral;3 = Neutral;3 = Neutral;3 = Neutral;3 = Neutral;3 = Neutral;4 = Muy Satisfactorio;3 = Neutral;3 = Neutral;3 = Neutral
153;3 = Neutral;3 = Neutral;3 = Neutral;3 = Neutral;3 = Neutral;3 = Neutral;3 = Neutral;3 = Neutral;3 = Neutral;3 = Neutral;3 = Neutral;3 = Neutral;3 = Neutral;3 = Neutral;3 = Neutral;3 = Neutral;4 = Muy Satisfactorio;3 = Neutral;3 = Neutral;3 = Neutral
154;3 = Neutral;3 = Neutral;3 = Neutral;3 = Neutral;3 = Neutral;3 = Neutral;3 = Neutral;3 = Neutral;3 = Neutral;3 = Neutral;3 = Neutral;3 = Neutral;3 = Neutral;3 = Neutral;3 = Neutral;3 = Neutral;3 = Neutral;3 = Neutral;3 = Neutral;3 = Neutral
155;5 = Totalmente satisfactorio;5 = Totalmente satisfactorio;5 = Totalmente satisfactorio;5 = Totalmente satisfactorio;5 = Totalmente satisfactorio;5 = Totalmente satisfactorio;5 = Totalmente satisfactorio;5 = Totalmente satisfactorio;5 = Totalmente satisfactorio;5 = Totalmente satisfactorio;5 = Totalmente satisfactorio;5 = Totalmente satisfactorio;5 = Totalmente satisfactorio;5 = Totalmente satisfactorio;5 = Totalmente satisfactorio;5 = Totalmente satisfactorio;5 = Totalmente satisfactorio;5 = Totalmente satisfactorio;5 = Totalmente satisfactorio;5 = Totalmente satisfactorio
156;3 = Neutral;3 = Neutral;3 = Neutral;3 = Neutral;4 = Muy Satisfactorio;4 = Muy Satisfactorio;4 = Muy Satisfactorio;3 = Neutral;4 = Muy Satisfactorio;3 = Neutral;4 = Muy Satisfactorio;4 = Muy Satisfactorio;4 = Muy Satisfactorio;4 = Muy Satisfactorio;4 = Muy Satisfactorio;4 = Muy Satisfactorio;4 = Muy Satisfactorio;3 = Neutral;3 = Neutral;4 = Muy Satisfactorio
157;3 = Neutral;3 = Neutral;3 = Neutral;4 = Muy Satisfactorio;4 = Muy Satisfactorio;4 = Muy Satisfactorio;3 = Neutral;3 = Neutral;4 = Muy Satisfactorio;3 = Neutral;3 = Neutral;3 = Neutral;3 = Neutral;3 = Neutral;4 = Muy Satisfactorio;3 = Neutral;3 = Neutral;3 = Neutral;3 = Neutral;3 = Neutral
158;3 = Neutral;3 = Neutral;3 = Neutral;3 = Neutral;3 = Neutral;5 = Totalmente satisfactorio;3 = Neutral;3 = Neutral;3 = Neutral;3 = Neutral;3 = Neutral;3 = Neutral;3 = Neutral;3 = Neutral;3 = Neutral;3 = Neutral;1 = Nada satisfactorio;1 = Nada satisfactorio;1 = Nada satisfactorio;1 = Nada satisfactorio
159;4 = Muy Satisfactorio;3 = Neutral;4 = Muy Satisfactorio;3 = Neutral;3 = Neutral;3 = Neutral;2 = Poco satisfactorio;2 = Poco satisfactorio;3 = Neutral;3 = Neutral;3 = Neutral;3 = Neutral;3 = Neutral;3 = Neutral;4 = Muy Satisfactorio;3 = Neutral;2 = Poco satisfactorio;2 = Poco satisfactorio;2 = Poco satisfactorio;4 = Muy Satisfactorio
160;5 = Totalmente satisfactorio;4 = Muy Satisfactorio;4 = Muy Satisfactorio;4 = Muy Satisfactorio;4 = Muy Satisfactorio;4 = Muy Satisfactorio;4 = Muy Satisfactorio;4 = Muy Satisfactorio;4 = Muy Satisfactorio;4 = Muy Satisfactorio;4 = Muy Satisfactorio;4 = Muy Satisfactorio;4 = Muy Satisfactorio;4 = Muy Satisfactorio;4 = Muy Satisfactorio;3 = Neutral;4 = Muy Satisfactorio;4 = Muy Satisfactorio;4 = Muy Satisfactorio;4 = Muy Satisfactorio
161;5 = Totalmente satisfactorio;5 = Totalmente satisfactorio;5 = Totalmente satisfactorio;5 = Totalmente satisfactorio;5 = Totalmente satisfactorio;5 = Totalmente satisfactorio;5 = Totalmente satisfactorio;5 = Totalmente satisfactorio;5 = Totalmente satisfactorio;5 = Totalmente satisfactorio;5 = Totalmente satisfactorio;5 = Totalmente satisfactorio;5 = Totalmente satisfactorio;5 = Totalmente satisfactorio;5 = Totalmente satisfactorio;4 = Muy Satisfactorio;4 = Muy Satisfactorio;4 = Muy Satisfactorio;4 = Muy Satisfactorio;5 = Totalmente satisfactorio
162;3 = Neutral;3 = Neutral;3 = Neutral;3 = Neutral;4 = Muy Satisfactorio;5 = Totalmente satisfactorio;3 = Neutral;2 = Poco satisfactorio;3 = Neutral;3 = Neutral;3 = Neutral;4 = Muy Satisfactorio;4 = Muy Satisfactorio;4 = Muy Satisfactorio;4 = Muy Satisfactorio;4 = Muy Satisfactorio;4 = Muy Satisfactorio;3 = Neutral;3 = Neutral;3 = Neutral
163;4 = Muy Satisfactorio;4 = Muy Satisfactorio;4 = Muy Satisfactorio;4 = Muy Satisfactorio;4 = Muy Satisfactorio;4 = Muy Satisfactorio;5 = Totalmente satisfactorio;5 = Totalmente satisfactorio;5 = Totalmente satisfactorio;4 = Muy Satisfactorio;4 = Muy Satisfactorio;4 = Muy Satisfactorio;4 = Muy Satisfactorio;4 = Muy Satisfactorio;4 = Muy Satisfactorio;5 = Totalmente satisfactorio;4 = Muy Satisfactorio;5 = Totalmente satisfactorio;4 = Muy Satisfactorio;5 = Totalmente satisfactorio
164;5 = Totalmente satisfactorio;5 = Totalmente satisfactorio;5 = Totalmente satisfactorio;5 = Totalmente satisfactorio;5 = Totalmente satisfactorio;5 = Totalmente satisfactorio;5 = Totalmente satisfactorio;5 = Totalmente satisfactorio;5 = Totalmente satisfactorio;5 = Totalmente satisfactorio;5 = Totalmente satisfactorio;5 = Totalmente satisfactorio;5 = Totalmente satisfactorio;5 = Totalmente satisfactorio;5 = Totalmente satisfactorio;4 = Muy Satisfactorio;5 = Totalmente satisfactorio;5 = Totalmente satisfactorio;5 = Totalmente satisfactorio;5 = Totalmente satisfactorio
165;5 = Totalmente satisfactorio;5 = Totalmente satisfactorio;5 = Totalmente satisfactorio;5 = Totalmente satisfactorio;5 = Totalmente satisfactorio;5 = Totalmente satisfactorio;5 = Totalmente satisfactorio;5 = Totalmente satisfactorio;5 = Totalmente satisfactorio;5 = Totalmente satisfactorio;5 = Totalmente satisfactorio;5 = Totalmente satisfactorio;5 = Totalmente satisfactorio;5 = Totalmente satisfactorio;5 = Totalmente satisfactorio;5 = Totalmente satisfactorio;5 = Totalmente satisfactorio;5 = Totalmente satisfactorio;5 = Totalmente satisfactorio;5 = Totalmente satisfactorio
166;5 = Totalmente satisfactorio;5 = Totalmente satisfactorio;5 = Totalmente satisfactorio;5 = Totalmente satisfactorio;5 = Totalmente satisfactorio;4 = Muy Satisfactorio;5 = Totalmente satisfactorio;5 = Totalmente satisfactorio;5 = Totalmente satisfactorio;5 = Totalmente satisfactorio;5 = Totalmente satisfactorio;5 = Totalmente satisfactorio;5 = Totalmente satisfactorio;5 = Totalmente satisfactorio;5 = Totalmente satisfactorio;5 = Totalmente satisfactorio;5 = Totalmente satisfactorio;5 = Totalmente satisfactorio;5 = Totalmente satisfactorio;5 = Totalmente satisfactorio
167;5 = Totalmente satisfactorio;5 = Totalmente satisfactorio;5 = Totalmente satisfactorio;5 = Totalmente satisfactorio;5 = Totalmente satisfactorio;5 = Totalmente satisfactorio;5 = Totalmente satisfactorio;5 = Totalmente satisfactorio;5 = Totalmente satisfactorio;5 = Totalmente satisfactorio;5 = Totalmente satisfactorio;5 = Totalmente satisfactorio;5 = Totalmente satisfactorio;5 = Totalmente satisfactorio;5 = Totalmente satisfactorio;5 = Totalmente satisfactorio;5 = Totalmente satisfactorio;5 = Totalmente satisfactorio;5 = Totalmente satisfactorio;5 = Totalmente satisfactorio
168;2 = Poco satisfactorio;2 = Poco satisfactorio;1 = Nada satisfactorio;2 = Poco satisfactorio;4 = Muy Satisfactorio;2 = Poco satisfactorio;1 = Nada satisfactorio;2 = Poco satisfactorio;2 = Poco satisfactorio;2 = Poco satisfactorio;2 = Poco satisfactorio;1 = Nada satisfactorio;2 = Poco satisfactorio;1 = Nada satisfactorio;2 = Poco satisfactorio;2 = Poco satisfactorio;2 = Poco satisfactorio;1 = Nada satisfactorio;2 = Poco satisfactorio;3 = Neutral
169;4 = Muy Satisfactorio;4 = Muy Satisfactorio;4 = Muy Satisfactorio;4 = Muy Satisfactorio;4 = Muy Satisfactorio;4 = Muy Satisfactorio;4 = Muy Satisfactorio;3 = Neutral;4 = Muy Satisfactorio;3 = Neutral;4 = Muy Satisfactorio;4 = Muy Satisfactorio;4 = Muy Satisfactorio;4 = Muy Satisfactorio;4 = Muy Satisfactorio;4 = Muy Satisfactorio;3 = Neutral;4 = Muy Satisfactorio;4 = Muy Satisfactorio;4 = Muy Satisfactorio
170;5 = Totalmente satisfactorio;5 = Totalmente satisfactorio;4 = Muy Satisfactorio;5 = Totalmente satisfactorio;5 = Totalmente satisfactorio;5 = Totalmente satisfactorio;5 = Totalmente satisfactorio;5 = Totalmente satisfactorio;5 = Totalmente satisfactorio;5 = Totalmente satisfactorio;5 = Totalmente satisfactorio;5 = Totalmente satisfactorio;5 = Totalmente satisfactorio;5 = Totalmente satisfactorio;5 = Totalmente satisfactorio;5 = Totalmente satisfactorio;5 = Totalmente satisfactorio;4 = Muy Satisfactorio;4 = Muy Satisfactorio;4 = Muy Satisfactorio
171;4 = Muy Satisfactorio;4 = Muy Satisfactorio;4 = Muy Satisfactorio;4 = Muy Satisfactorio;3 = Neutral;2 = Poco satisfactorio;4 = Muy Satisfactorio;3 = Neutral;4 = Muy Satisfactorio;4 = Muy Satisfactorio;4 = Muy Satisfactorio;4 = Muy Satisfactorio;4 = Muy Satisfactorio;4 = Muy Satisfactorio;4 = Muy Satisfactorio;2 = Poco satisfactorio;1 = Nada satisfactorio;4 = Muy Satisfactorio;3 = Neutral;4 = Muy Satisfactorio
172;3 = Neutral;3 = Neutral;3 = Neutral;2 = Poco satisfactorio;2 = Poco satisfactorio;3 = Neutral;3 = Neutral;2 = Poco satisfactorio;2 = Poco satisfactorio;2 = Poco satisfactorio;3 = Neutral;5 = Totalmente satisfactorio;5 = Totalmente satisfactorio;4 = Muy Satisfactorio;4 = Muy Satisfactorio;5 = Totalmente satisfactorio;3 = Neutral;5 = Totalmente satisfactorio;4 = Muy Satisfactorio;5 = Totalmente satisfactorio
173;4 = Muy Satisfactorio;4 = Muy Satisfactorio;3 = Neutral;3 = Neutral;4 = Muy Satisfactorio;4 = Muy Satisfactorio;3 = Neutral;3 = Neutral;3 = Neutral;3 = Neutral;4 = Muy Satisfactorio;4 = Muy Satisfactorio;3 = Neutral;3 = Neutral;3 = Neutral;3 = Neutral;4 = Muy Satisfactorio;4 = Muy Satisfactorio;3 = Neutral;4 = Muy Satisfactorio
174;3 = Neutral;3 = Neutral;3 = Neutral;3 = Neutral;3 = Neutral;3 = Neutral;3 = Neutral;3 = Neutral;3 = Neutral;3 = Neutral;3 = Neutral;3 = Neutral;3 = Neutral;3 = Neutral;3 = Neutral;3 = Neutral;3 = Neutral;3 = Neutral;3 = Neutral;3 = Neutral
175;5 = Totalmente satisfactorio;5 = Totalmente satisfactorio;5 = Totalmente satisfactorio;5 = Totalmente satisfactorio;5 = Totalmente satisfactorio;4 = Muy Satisfactorio;5 = Totalmente satisfactorio;5 = Totalmente satisfactorio;5 = Totalmente satisfactorio;5 = Totalmente satisfactorio;5 = Totalmente satisfactorio;5 = Totalmente satisfactorio;5 = Totalmente satisfactorio;5 = Totalmente satisfactorio;5 = Totalmente satisfactorio;5 = Totalmente satisfactorio;5 = Totalmente satisfactorio;4 = Muy Satisfactorio;4 = Muy Satisfactorio;4 = Muy Satisfactorio
176;5 = Totalmente satisfactorio;5 = Totalmente satisfactorio;5 = Totalmente satisfactorio;5 = Totalmente satisfactorio;5 = Totalmente satisfactorio;5 = Totalmente satisfactorio;5 = Totalmente satisfactorio;5 = Totalmente satisfactorio;5 = Totalmente satisfactorio;5 = Totalmente satisfactorio;1 = Nada satisfactorio;5 = Totalmente satisfactorio;5 = Totalmente satisfactorio;5 = Totalmente satisfactorio;3 = Neutral;5 = Totalmente satisfactorio;2 = Poco satisfactorio;5 = Totalmente satisfactorio;3 = Neutral;4 = Muy Satisfactorio
177;1 = Nada satisfactorio;1 = Nada satisfactorio;1 = Nada satisfactorio;1 = Nada satisfactorio;1 = Nada satisfactorio;1 = Nada satisfactorio;2 = Poco satisfactorio;4 = Muy Satisfactorio;2 = Poco satisfactorio;3 = Neutral;2 = Poco satisfactorio;4 = Muy Satisfactorio;5 = Totalmente satisfactorio;2 = Poco satisfactorio;2 = Poco satisfactorio;2 = Poco satisfactorio;3 = Neutral;5 = Totalmente satisfactorio;2 = Poco satisfactorio;4 = Muy Satisfactorio
178;5 = Totalmente satisfactorio;5 = Totalmente satisfactorio;5 = Totalmente satisfactorio;5 = Totalmente satisfactorio;5 = Totalmente satisfactorio;5 = Totalmente satisfactorio;5 = Totalmente satisfactorio;5 = Totalmente satisfactorio;5 = Totalmente satisfactorio;4 = Muy Satisfactorio;5 = Totalmente satisfactorio;5 = Totalmente satisfactorio;5 = Totalmente satisfactorio;5 = Totalmente satisfactorio;5 = Totalmente satisfactorio;5 = Totalmente satisfactorio;5 = Totalmente satisfactorio;5 = Totalmente satisfactorio;4 = Muy Satisfactorio;4 = Muy Satisfactorio
179;3 = Neutral;4 = Muy Satisfactorio;5 = Totalmente satisfactorio;4 = Muy Satisfactorio;4 = Muy Satisfactorio;3 = Neutral;3 = Neutral;3 = Neutral;4 = Muy Satisfactorio;5 = Totalmente satisfactorio;4 = Muy Satisfactorio;4 = Muy Satisfactorio;4 = Muy Satisfactorio;4 = Muy Satisfactorio;4 = Muy Satisfactorio;4 = Muy Satisfactorio;5 = Totalmente satisfactorio;5 = Totalmente satisfactorio;4 = Muy Satisfactorio;3 = Neutral
180;3 = Neutral;3 = Neutral;3 = Neutral;3 = Neutral;3 = Neutral;3 = Neutral;3 = Neutral;3 = Neutral;3 = Neutral;3 = Neutral;3 = Neutral;3 = Neutral;3 = Neutral;3 = Neutral;3 = Neutral;3 = Neutral;3 = Neutral;3 = Neutral;3 = Neutral;3 = Neutral
181;3 = Neutral;3 = Neutral;3 = Neutral;3 = Neutral;3 = Neutral;3 = Neutral;3 = Neutral;3 = Neutral;3 = Neutral;3 = Neutral;4 = Muy Satisfactorio;4 = Muy Satisfactorio;3 = Neutral;3 = Neutral;3 = Neutral;3 = Neutral;3 = Neutral;5 = Totalmente satisfactorio;3 = Neutral;3 = Neutral
182;5 = Totalmente satisfactorio;5 = Totalmente satisfactorio;3 = Neutral;5 = Totalmente satisfactorio;3 = Neutral;2 = Poco satisfactorio;2 = Poco satisfactorio;3 = Neutral;3 = Neutral;3 = Neutral;1 = Nada satisfactorio;3 = Neutral;4 = Muy Satisfactorio;4 = Muy Satisfactorio;4 = Muy Satisfactorio;5 = Totalmente satisfactorio;3 = Neutral;4 = Muy Satisfactorio;4 = Muy Satisfactorio;4 = Muy Satisfactorio
183;3 = Neutral;3 = Neutral;3 = Neutral;3 = Neutral;3 = Neutral;4 = Muy Satisfactorio;4 = Muy Satisfactorio;2 = Poco satisfactorio;4 = Muy Satisfactorio;4 = Muy Satisfactorio;3 = Neutral;3 = Neutral;4 = Muy Satisfactorio;4 = Muy Satisfactorio;4 = Muy Satisfactorio;2 = Poco satisfactorio;2 = Poco satisfactorio;5 = Totalmente satisfactorio;2 = Poco satisfactorio;4 = Muy Satisfactorio
184;4 = Muy Satisfactorio;4 = Muy Satisfactorio;4 = Muy Satisfactorio;4 = Muy Satisfactorio;5 = Totalmente satisfactorio;5 = Totalmente satisfactorio;2 = Poco satisfactorio;1 = Nada satisfactorio;2 = Poco satisfactorio;2 = Poco satisfactorio;3 = Neutral;5 = Totalmente satisfactorio;5 = Totalmente satisfactorio;5 = Totalmente satisfactorio;5 = Totalmente satisfactorio;5 = Totalmente satisfactorio;5 = Totalmente satisfactorio;5 = Totalmente satisfactorio;5 = Totalmente satisfactorio;5 = Totalmente satisfactorio
185;1 = Nada satisfactorio;1 = Nada satisfactorio;1 = Nada satisfactorio;1 = Nada satisfactorio;1 = Nada satisfactorio;1 = Nada satisfactorio;4 = Muy Satisfactorio;4 = Muy Satisfactorio;4 = Muy Satisfactorio;4 = Muy Satisfactorio;3 = Neutral;;;;;;;;;
186;5 = Totalmente satisfactorio;4 = Muy Satisfactorio;5 = Totalmente satisfactorio;4 = Muy Satisfactorio;5 = Totalmente satisfactorio;4 = Muy Satisfactorio;5 = Totalmente satisfactorio;3 = Neutral;4 = Muy Satisfactorio;4 = Muy Satisfactorio;4 = Muy Satisfactorio;5 = Totalmente satisfactorio;5 = Totalmente satisfactorio;4 = Muy Satisfactorio;4 = Muy Satisfactorio;5 = Totalmente satisfactorio;5 = Totalmente satisfactorio;5 = Totalmente satisfactorio;4 = Muy Satisfactorio;5 = Totalmente satisfactorio
187;4 = Muy Satisfactorio;3 = Neutral;4 = Muy Satisfactorio;4 = Muy Satisfactorio;3 = Neutral;3 = Neutral;4 = Muy Satisfactorio;3 = Neutral;4 = Muy Satisfactorio;3 = Neutral;3 = Neutral;4 = Muy Satisfactorio;3 = Neutral;3 = Neutral;4 = Muy Satisfactorio;2 = Poco satisfactorio;3 = Neutral;3 = Neutral;3 = Neutral;3 = Neutral
188;4 = Muy Satisfactorio;4 = Muy Satisfactorio;4 = Muy Satisfactorio;4 = Muy Satisfactorio;3 = Neutral;4 = Muy Satisfactorio;3 = Neutral;4 = Muy Satisfactorio;4 = Muy Satisfactorio;4 = Muy Satisfactorio;3 = Neutral;3 = Neutral;3 = Neutral;3 = Neutral;3 = Neutral;3 = Neutral;3 = Neutral;4 = Muy Satisfactorio;4 = Muy Satisfactorio;3 = Neutral
189;3 = Neutral;4 = Muy Satisfactorio;4 = Muy Satisfactorio;3 = Neutral;5 = Totalmente satisfactorio;3 = Neutral;5 = Totalmente satisfactorio;4 = Muy Satisfactorio;3 = Neutral;4 = Muy Satisfactorio;3 = Neutral;2 = Poco satisfactorio;3 = Neutral;3 = Neutral;3 = Neutral;4 = Muy Satisfactorio;4 = Muy Satisfactorio;4 = Muy Satisfactorio;4 = Muy Satisfactorio;3 = Neutral
190;4 = Muy Satisfactorio;4 = Muy Satisfactorio;4 = Muy Satisfactorio;4 = Muy Satisfactorio;3 = Neutral;3 = Neutral;3 = Neutral;3 = Neutral;3 = Neutral;4 = Muy Satisfactorio;3 = Neutral;3 = Neutral;3 = Neutral;4 = Muy Satisfactorio;4 = Muy Satisfactorio;4 = Muy Satisfactorio;4 = Muy Satisfactorio;5 = Totalmente satisfactorio;5 = Totalmente satisfactorio;4 = Muy Satisfactorio
191;4 = Muy Satisfactorio;4 = Muy Satisfactorio;3 = Neutral;5 = Totalmente satisfactorio;3 = Neutral;5 = Totalmente satisfactorio;4 = Muy Satisfactorio;4 = Muy Satisfactorio;3 = Neutral;3 = Neutral;4 = Muy Satisfactorio;4 = Muy Satisfactorio;4 = Muy Satisfactorio;3 = Neutral;2 = Poco satisfactorio;2 = Poco satisfactorio;5 = Totalmente satisfactorio;4 = Muy Satisfactorio;4 = Muy Satisfactorio;3 = Neutral
192;3 = Neutral;4 = Muy Satisfactorio;3 = Neutral;4 = Muy Satisfactorio;4 = Muy Satisfactorio;4 = Muy Satisfactorio;4 = Muy Satisfactorio;4 = Muy Satisfactorio;4 = Muy Satisfactorio;4 = Muy Satisfactorio;3 = Neutral;3 = Neutral;4 = Muy Satisfactorio;4 = Muy Satisfactorio;4 = Muy Satisfactorio;3 = Neutral;4 = Muy Satisfactorio;4 = Muy Satisfactorio;4 = Muy Satisfactorio;4 = Muy Satisfactorio
193;3 = Neutral;3 = Neutral;4 = Muy Satisfactorio;4 = Muy Satisfactorio;4 = Muy Satisfactorio;4 = Muy Satisfactorio;3 = Neutral;4 = Muy Satisfactorio;4 = Muy Satisfactorio;3 = Neutral;4 = Muy Satisfactorio;4 = Muy Satisfactorio;4 = Muy Satisfactorio;4 = Muy Satisfactorio;4 = Muy Satisfactorio;5 = Totalmente satisfactorio;3 = Neutral;4 = Muy Satisfactorio;4 = Muy Satisfactorio;5 = Totalmente satisfactorio
194;5 = Totalmente satisfactorio;4 = Muy Satisfactorio;3 = Neutral;4 = Muy Satisfactorio;3 = Neutral;3 = Neutral;3 = Neutral;3 = Neutral;4 = Muy Satisfactorio;4 = Muy Satisfactorio;4 = Muy Satisfactorio;4 = Muy Satisfactorio;3 = Neutral;3 = Neutral;4 = Muy Satisfactorio;4 = Muy Satisfactorio;5 = Totalmente satisfactorio;4 = Muy Satisfactorio;4 = Muy Satisfactorio;4 = Muy Satisfactorio
195;4 = Muy Satisfactorio;4 = Muy Satisfactorio;4 = Muy Satisfactorio;4 = Muy Satisfactorio;3 = Neutral;3 = Neutral;5 = Totalmente satisfactorio;5 = Totalmente satisfactorio;4 = Muy Satisfactorio;4 = Muy Satisfactorio;4 = Muy Satisfactorio;3 = Neutral;3 = Neutral;4 = Muy Satisfactorio;4 = Muy Satisfactorio;4 = Muy Satisfactorio;5 = Totalmente satisfactorio;4 = Muy Satisfactorio;3 = Neutral;4 = Muy Satisfactorio
196;4 = Muy Satisfactorio;4 = Muy Satisfactorio;4 = Muy Satisfactorio;4 = Muy Satisfactorio;3 = Neutral;3 = Neutral;4 = Muy Satisfactorio;3 = Neutral;4 = Muy Satisfactorio;3 = Neutral;4 = Muy Satisfactorio;4 = Muy Satisfactorio;4 = Muy Satisfactorio;4 = Muy Satisfactorio;4 = Muy Satisfactorio;3 = Neutral;3 = Neutral;4 = Muy Satisfactorio;4 = Muy Satisfactorio;4 = Muy Satisfactorio
197;4 = Muy Satisfactorio;4 = Muy Satisfactorio;3 = Neutral;3 = Neutral;4 = Muy Satisfactorio;4 = Muy Satisfactorio;5 = Totalmente satisfactorio;3 = Neutral;3 = Neutral;4 = Muy Satisfactorio;4 = Muy Satisfactorio;4 = Muy Satisfactorio;4 = Muy Satisfactorio;4 = Muy Satisfactorio;4 = Muy Satisfactorio;3 = Neutral;3 = Neutral;4 = Muy Satisfactorio;3 = Neutral;3 = Neutral
198;3 = Neutral;3 = Neutral;3 = Neutral;4 = Muy Satisfactorio;4 = Muy Satisfactorio;4 = Muy Satisfactorio;4 = Muy Satisfactorio;3 = Neutral;4 = Muy Satisfactorio;5 = Totalmente satisfactorio;4 = Muy Satisfactorio;3 = Neutral;3 = Neutral;3 = Neutral;3 = Neutral;4 = Muy Satisfactorio;4 = Muy Satisfactorio;4 = Muy Satisfactorio;4 = Muy Satisfactorio;3 = Neutral
199;4 = Muy Satisfactorio;4 = Muy Satisfactorio;4 = Muy Satisfactorio;4 = Muy Satisfactorio;3 = Neutral;5 = Totalmente satisfactorio;4 = Muy Satisfactorio;4 = Muy Satisfactorio;4 = Muy Satisfactorio;4 = Muy Satisfactorio;4 = Muy Satisfactorio;3 = Neutral;3 = Neutral;3 = Neutral;3 = Neutral;4 = Muy Satisfactorio;4 = Muy Satisfactorio;4 = Muy Satisfactorio;4 = Muy Satisfactorio;4 = Muy Satisfactorio
200;2 = Poco satisfactorio;3 = Neutral;4 = Muy Satisfactorio;3 = Neutral;2 = Poco satisfactorio;3 = Neutral;3 = Neutral;3 = Neutral;4 = Muy Satisfactorio;4 = Muy Satisfactorio;2 = Poco satisfactorio;2 = Poco satisfactorio;3 = Neutral;4 = Muy Satisfactorio;4 = Muy Satisfactorio;4 = Muy Satisfactorio;4 = Muy Satisfactorio;4 = Muy Satisfactorio;3 = Neutral;4 = Muy Satisfactorio
201;4 = Muy Satisfactorio;4 = Muy Satisfactorio;4 = Muy Satisfactorio;4 = Muy Satisfactorio;3 = Neutral;3 = Neutral;4 = Muy Satisfactorio;4 = Muy Satisfactorio;4 = Muy Satisfactorio;3 = Neutral;3 = Neutral;3 = Neutral;4 = Muy Satisfactorio;4 = Muy Satisfactorio;3 = Neutral;5 = Totalmente satisfactorio;4 = Muy Satisfactorio;5 = Totalmente satisfactorio;4 = Muy Satisfactorio;3 = Neutral
202;3 = Neutral;3 = Neutral;4 = Muy Satisfactorio;4 = Muy Satisfactorio;3 = Neutral;5 = Totalmente satisfactorio;3 = Neutral;4 = Muy Satisfactorio;4 = Muy Satisfactorio;5 = Totalmente satisfactorio;4 = Muy Satisfactorio;2 = Poco satisfactorio;2 = Poco satisfactorio;2 = Poco satisfactorio;3 = Neutral;3 = Neutral;3 = Neutral;2 = Poco satisfactorio;2 = Poco satisfactorio;3 = Neutral
203;1 = Nada satisfactorio;2 = Poco satisfactorio;3 = Neutral;3 = Neutral;4 = Muy Satisfactorio;4 = Muy Satisfactorio;3 = Neutral;3 = Neutral;3 = Neutral;2 = Poco satisfactorio;2 = Poco satisfactorio;3 = Neutral;3 = Neutral;4 = Muy Satisfactorio;4 = Muy Satisfactorio;4 = Muy Satisfactorio;3 = Neutral;3 = Neutral;5 = Totalmente satisfactorio;3 = Neutral
204;3 = Neutral;3 = Neutral;3 = Neutral;3 = Neutral;4 = Muy Satisfactorio;3 = Neutral;4 = Muy Satisfactorio;4 = Muy Satisfactorio;4 = Muy Satisfactorio;3 = Neutral;3 = Neutral;2 = Poco satisfactorio;2 = Poco satisfactorio;2 = Poco satisfactorio;3 = Neutral;4 = Muy Satisfactorio;3 = Neutral;3 = Neutral;3 = Neutral;3 = Neutral
205;3 = Neutral;3 = Neutral;3 = Neutral;3 = Neutral;2 = Poco satisfactorio;3 = Neutral;2 = Poco satisfactorio;2 = Poco satisfactorio;3 = Neutral;3 = Neutral;4 = Muy Satisfactorio;3 = Neutral;3 = Neutral;3 = Neutral;4 = Muy Satisfactorio;4 = Muy Satisfactorio;4 = Muy Satisfactorio;3 = Neutral;4 = Muy Satisfactorio;4 = Muy Satisfactorio
206;1 = Nada satisfactorio;3 = Neutral;3 = Neutral;4 = Muy Satisfactorio;2 = Poco satisfactorio;3 = Neutral;2 = Poco satisfactorio;3 = Neutral;3 = Neutral;4 = Muy Satisfactorio;4 = Muy Satisfactorio;4 = Muy Satisfactorio;3 = Neutral;3 = Neutral;4 = Muy Satisfactorio;4 = Muy Satisfactorio;4 = Muy Satisfactorio;3 = Neutral;3 = Neutral;3 = Neutral
